%psbl,Points,HF,Time,A,B,C,D,M,NPM,NS,Proc
100.000000,187.000000,6.531600,28.630000,35.000000,0.000000,4.000000,0.000000,0.000000,0.000000,0.000000,0.000000
97.130000,181.000000,6.344200,28.530000,32.000000,0.000000,7.000000,0.000000,0.000000,0.000000,0.000000,0.000000
96.130000,177.000000,6.278800,28.190000,30.000000,0.000000,9.000000,0.000000,0.000000,0.000000,0.000000,0.000000
94.950000,185.000000,6.201800,29.830000,34.000000,0.000000,5.000000,0.000000,0.000000,0.000000,0.000000,0.000000
94.220000,189.000000,6.154300,30.710000,36.000000,0.000000,3.000000,0.000000,0.000000,0.000000,0.000000,0.000000
92.530000,183.000000,6.043600,30.280000,33.000000,0.000000,6.000000,0.000000,0.000000,0.000000,0.000000,0.000000
92.380000,183.000000,6.033600,30.330000,33.000000,0.000000,6.000000,0.000000,0.000000,0.000000,0.000000,0.000000
92.280000,171.000000,6.027500,28.370000,29.000000,0.000000,8.000000,2.000000,0.000000,0.000000,0.000000,0.000000
91.440000,187.000000,5.972500,31.310000,35.000000,0.000000,4.000000,0.000000,0.000000,0.000000,0.000000,0.000000
91.130000,181.000000,5.952000,30.410000,32.000000,0.000000,7.000000,0.000000,0.000000,0.000000,0.000000,0.000000
90.440000,183.000000,5.907000,30.980000,34.000000,0.000000,4.000000,1.000000,0.000000,0.000000,0.000000,0.000000
90.340000,180.000000,5.900700,28.810000,33.000000,0.000000,5.000000,0.000000,1.000000,0.000000,0.000000,0.000000
90.200000,189.000000,5.891500,32.080000,37.000000,0.000000,1.000000,1.000000,0.000000,0.000000,0.000000,0.000000
90.150000,175.000000,5.888300,29.720000,29.000000,0.000000,10.000000,0.000000,0.000000,0.000000,0.000000,0.000000
88.230000,172.000000,5.763100,28.110000,31.000000,0.000000,5.000000,2.000000,1.000000,0.000000,0.000000,0.000000
88.080000,183.000000,5.752900,31.810000,33.000000,0.000000,6.000000,0.000000,0.000000,0.000000,0.000000,0.000000
87.840000,165.000000,5.737100,28.760000,27.000000,0.000000,9.000000,3.000000,0.000000,0.000000,0.000000,0.000000
87.420000,181.000000,5.709800,31.700000,32.000000,0.000000,7.000000,0.000000,0.000000,0.000000,0.000000,0.000000
87.140000,179.000000,5.691600,31.450000,32.000000,0.000000,6.000000,1.000000,0.000000,0.000000,0.000000,0.000000
87.080000,177.000000,5.687700,31.120000,30.000000,0.000000,9.000000,0.000000,0.000000,0.000000,0.000000,0.000000
86.640000,179.000000,5.659200,31.630000,31.000000,0.000000,8.000000,0.000000,0.000000,0.000000,0.000000,0.000000
86.080000,187.000000,5.622400,33.260000,35.000000,0.000000,4.000000,0.000000,0.000000,0.000000,0.000000,0.000000
85.270000,175.000000,5.569700,31.420000,29.000000,0.000000,10.000000,0.000000,0.000000,0.000000,0.000000,0.000000
84.670000,181.000000,5.530100,32.730000,33.000000,0.000000,5.000000,1.000000,0.000000,0.000000,0.000000,0.000000
83.540000,177.000000,5.456200,32.440000,31.000000,0.000000,7.000000,1.000000,0.000000,0.000000,0.000000,0.000000
82.960000,189.000000,5.418600,34.880000,36.000000,0.000000,3.000000,0.000000,0.000000,0.000000,0.000000,0.000000
82.510000,172.000000,5.389200,30.060000,29.000000,0.000000,9.000000,0.000000,1.000000,0.000000,0.000000,0.000000
80.970000,187.000000,5.288500,35.360000,36.000000,0.000000,2.000000,1.000000,0.000000,0.000000,0.000000,0.000000
78.880000,181.000000,5.152300,35.130000,33.000000,0.000000,5.000000,1.000000,0.000000,0.000000,0.000000,0.000000
78.630000,191.000000,5.135800,37.190000,37.000000,0.000000,2.000000,0.000000,0.000000,0.000000,0.000000,0.000000
78.160000,177.000000,5.105300,34.670000,31.000000,0.000000,7.000000,1.000000,0.000000,0.000000,0.000000,0.000000
77.600000,181.000000,5.068600,35.710000,32.000000,0.000000,7.000000,0.000000,0.000000,0.000000,0.000000,0.000000
75.980000,181.000000,4.963000,36.470000,33.000000,0.000000,5.000000,1.000000,0.000000,0.000000,0.000000,0.000000
75.830000,183.000000,4.952600,36.950000,34.000000,0.000000,4.000000,1.000000,0.000000,0.000000,0.000000,0.000000
73.860000,187.000000,4.824200,36.690000,35.000000,0.000000,4.000000,0.000000,0.000000,0.000000,1.000000,0.000000
73.270000,155.000000,4.785400,32.390000,22.000000,0.000000,14.000000,3.000000,0.000000,0.000000,0.000000,0.000000
71.810000,181.000000,4.690100,36.460000,33.000000,0.000000,5.000000,1.000000,0.000000,0.000000,1.000000,0.000000
71.520000,187.000000,4.671500,40.030000,36.000000,0.000000,2.000000,1.000000,0.000000,0.000000,0.000000,0.000000
70.500000,163.000000,4.604500,35.400000,25.000000,0.000000,12.000000,2.000000,0.000000,0.000000,0.000000,0.000000
70.210000,181.000000,4.585800,39.470000,32.000000,0.000000,7.000000,0.000000,0.000000,0.000000,0.000000,0.000000
70.100000,175.000000,4.578800,38.220000,30.000000,0.000000,8.000000,1.000000,0.000000,0.000000,0.000000,0.000000
70.050000,165.000000,4.575600,31.690000,29.000000,0.000000,6.000000,2.000000,2.000000,0.000000,0.000000,0.000000
69.260000,189.000000,4.523700,41.780000,36.000000,0.000000,3.000000,0.000000,0.000000,0.000000,0.000000,0.000000
68.100000,191.000000,4.448100,42.940000,37.000000,0.000000,2.000000,0.000000,0.000000,0.000000,0.000000,0.000000
67.600000,177.000000,4.415100,40.090000,32.000000,0.000000,5.000000,2.000000,0.000000,0.000000,0.000000,0.000000
65.460000,157.000000,4.275600,36.720000,23.000000,0.000000,13.000000,3.000000,0.000000,0.000000,0.000000,0.000000
65.000000,181.000000,4.245800,42.630000,32.000000,0.000000,7.000000,0.000000,0.000000,0.000000,0.000000,0.000000
64.990000,165.000000,4.244900,38.870000,25.000000,0.000000,13.000000,1.000000,0.000000,0.000000,0.000000,0.000000
64.650000,169.000000,4.222900,40.020000,29.000000,0.000000,7.000000,3.000000,0.000000,0.000000,0.000000,0.000000
64.520000,177.000000,4.214300,42.000000,30.000000,0.000000,9.000000,0.000000,0.000000,0.000000,0.000000,0.000000
63.610000,191.000000,4.154900,45.970000,37.000000,0.000000,2.000000,0.000000,0.000000,0.000000,0.000000,0.000000
62.630000,176.000000,4.090700,40.580000,32.000000,0.000000,5.000000,1.000000,1.000000,0.000000,0.000000,0.000000
62.610000,165.000000,4.089200,40.350000,26.000000,0.000000,11.000000,2.000000,0.000000,0.000000,0.000000,0.000000
62.480000,163.000000,4.081100,39.940000,26.000000,0.000000,10.000000,3.000000,0.000000,0.000000,0.000000,0.000000
61.750000,183.000000,4.033500,45.370000,34.000000,0.000000,4.000000,1.000000,0.000000,0.000000,0.000000,0.000000
61.710000,189.000000,4.030700,46.890000,36.000000,0.000000,3.000000,0.000000,0.000000,0.000000,0.000000,0.000000
61.310000,183.000000,4.004400,45.700000,34.000000,0.000000,4.000000,1.000000,0.000000,0.000000,0.000000,0.000000
60.220000,181.000000,3.933100,46.020000,33.000000,0.000000,5.000000,1.000000,0.000000,0.000000,0.000000,0.000000
59.240000,173.000000,3.869400,44.710000,28.000000,0.000000,11.000000,0.000000,0.000000,0.000000,0.000000,0.000000
58.510000,181.000000,3.821800,47.360000,32.000000,0.000000,7.000000,0.000000,0.000000,0.000000,0.000000,0.000000
56.740000,170.000000,3.706300,43.170000,31.000000,0.000000,4.000000,3.000000,1.000000,0.000000,0.000000,0.000000
56.480000,161.000000,3.689100,35.510000,27.000000,0.000000,8.000000,2.000000,2.000000,0.000000,0.000000,1.000000
56.130000,168.000000,3.666300,37.640000,30.000000,0.000000,6.000000,0.000000,3.000000,0.000000,0.000000,0.000000
55.290000,189.000000,3.611000,52.340000,36.000000,0.000000,3.000000,0.000000,0.000000,0.000000,0.000000,0.000000
54.030000,185.000000,3.529200,52.420000,34.000000,0.000000,5.000000,0.000000,0.000000,0.000000,0.000000,0.000000
53.470000,159.000000,3.492500,39.800000,25.000000,0.000000,11.000000,1.000000,2.000000,0.000000,0.000000,0.000000
53.190000,193.000000,3.474300,55.550000,38.000000,0.000000,1.000000,0.000000,0.000000,0.000000,0.000000,0.000000
51.560000,162.000000,3.368000,45.130000,24.000000,0.000000,14.000000,0.000000,1.000000,0.000000,0.000000,0.000000
48.150000,164.000000,3.144800,45.790000,27.000000,0.000000,9.000000,2.000000,1.000000,0.000000,0.000000,1.000000
47.980000,185.000000,3.134000,59.030000,34.000000,0.000000,5.000000,0.000000,0.000000,0.000000,0.000000,0.000000
47.590000,155.000000,3.108300,33.780000,25.000000,0.000000,10.000000,0.000000,4.000000,0.000000,0.000000,1.000000
47.190000,178.000000,3.082000,54.510000,33.000000,0.000000,4.000000,1.000000,1.000000,0.000000,0.000000,0.000000
45.360000,189.000000,2.962800,63.790000,36.000000,0.000000,3.000000,0.000000,0.000000,0.000000,0.000000,0.000000
38.990000,155.000000,2.546900,49.080000,23.000000,0.000000,13.000000,1.000000,2.000000,0.000000,0.000000,1.000000
30.940000,160.000000,2.020700,74.230000,26.000000,0.000000,9.000000,3.000000,1.000000,0.000000,0.000000,0.000000
29.330000,145.000000,1.915700,44.370000,21.000000,0.000000,13.000000,1.000000,4.000000,0.000000,0.000000,2.000000
100.000000,84.000000,3.731700,22.510000,13.000000,0.000000,6.000000,1.000000,0.000000,0.000000,0.000000,0.000000
99.250000,96.000000,3.703700,25.920000,18.000000,0.000000,2.000000,0.000000,0.000000,0.000000,0.000000,0.000000
94.690000,90.000000,3.533600,25.470000,16.000000,0.000000,3.000000,1.000000,0.000000,0.000000,0.000000,0.000000
90.090000,94.000000,3.361900,27.960000,18.000000,0.000000,1.000000,1.000000,0.000000,0.000000,0.000000,0.000000
89.980000,96.000000,3.357800,28.590000,18.000000,0.000000,2.000000,0.000000,0.000000,0.000000,0.000000,0.000000
89.800000,88.000000,3.351100,26.260000,15.000000,0.000000,4.000000,1.000000,0.000000,0.000000,0.000000,0.000000
89.390000,88.000000,3.335900,26.380000,15.000000,0.000000,4.000000,1.000000,0.000000,0.000000,0.000000,0.000000
88.170000,94.000000,3.290200,28.570000,17.000000,0.000000,3.000000,0.000000,0.000000,0.000000,0.000000,0.000000
88.120000,90.000000,3.288300,27.370000,15.000000,0.000000,5.000000,0.000000,0.000000,0.000000,0.000000,0.000000
88.060000,88.000000,3.286000,26.780000,14.000000,0.000000,6.000000,0.000000,0.000000,0.000000,0.000000,0.000000
87.210000,92.000000,3.254300,28.270000,16.000000,0.000000,4.000000,0.000000,0.000000,0.000000,0.000000,0.000000
86.980000,94.000000,3.245900,28.960000,17.000000,0.000000,3.000000,0.000000,0.000000,0.000000,0.000000,0.000000
84.820000,86.000000,3.165300,27.170000,14.000000,0.000000,5.000000,1.000000,0.000000,0.000000,0.000000,0.000000
84.490000,88.000000,3.152800,24.740000,15.000000,0.000000,4.000000,1.000000,0.000000,0.000000,0.000000,1.000000
80.040000,83.000000,2.986900,24.440000,13.000000,0.000000,6.000000,0.000000,1.000000,0.000000,0.000000,0.000000
77.770000,96.000000,2.902100,33.080000,18.000000,0.000000,2.000000,0.000000,0.000000,0.000000,0.000000,0.000000
77.300000,84.000000,2.884600,29.120000,14.000000,0.000000,4.000000,2.000000,0.000000,0.000000,0.000000,0.000000
76.790000,88.000000,2.865500,30.710000,14.000000,0.000000,6.000000,0.000000,0.000000,0.000000,0.000000,0.000000
75.990000,89.000000,2.835600,27.860000,16.000000,0.000000,3.000000,0.000000,1.000000,0.000000,0.000000,0.000000
75.020000,82.000000,2.799600,29.290000,11.000000,0.000000,9.000000,0.000000,0.000000,0.000000,0.000000,0.000000
74.620000,90.000000,2.784700,32.320000,16.000000,0.000000,3.000000,1.000000,0.000000,0.000000,0.000000,0.000000
74.540000,90.000000,2.781600,28.760000,16.000000,0.000000,3.000000,1.000000,0.000000,0.000000,0.000000,1.000000
73.660000,92.000000,2.748700,33.470000,17.000000,0.000000,2.000000,1.000000,0.000000,0.000000,0.000000,0.000000
71.290000,95.000000,2.660500,28.190000,19.000000,0.000000,0.000000,0.000000,1.000000,0.000000,1.000000,0.000000
68.890000,92.000000,2.570600,35.790000,16.000000,0.000000,4.000000,0.000000,0.000000,0.000000,0.000000,0.000000
67.380000,86.000000,2.514600,34.200000,13.000000,0.000000,7.000000,0.000000,0.000000,0.000000,0.000000,0.000000
67.260000,94.000000,2.510000,37.450000,17.000000,0.000000,3.000000,0.000000,0.000000,0.000000,0.000000,0.000000
66.870000,98.000000,2.495500,39.270000,19.000000,0.000000,1.000000,0.000000,0.000000,0.000000,0.000000,0.000000
66.410000,92.000000,2.478400,37.120000,17.000000,0.000000,2.000000,1.000000,0.000000,0.000000,0.000000,0.000000
63.040000,85.000000,2.352600,31.880000,15.000000,0.000000,3.000000,1.000000,1.000000,0.000000,0.000000,0.000000
63.000000,91.000000,2.351000,30.200000,18.000000,0.000000,0.000000,1.000000,1.000000,0.000000,1.000000,0.000000
61.700000,90.000000,2.302400,39.090000,15.000000,0.000000,5.000000,0.000000,0.000000,0.000000,0.000000,0.000000
61.480000,94.000000,2.294400,40.970000,17.000000,0.000000,3.000000,0.000000,0.000000,0.000000,0.000000,0.000000
61.370000,85.000000,2.290300,28.380000,14.000000,0.000000,5.000000,0.000000,1.000000,0.000000,1.000000,0.000000
61.160000,87.000000,2.282200,33.740000,15.000000,0.000000,4.000000,0.000000,1.000000,0.000000,0.000000,0.000000
60.580000,82.000000,2.260800,36.270000,11.000000,0.000000,9.000000,0.000000,0.000000,0.000000,0.000000,0.000000
60.000000,86.000000,2.239200,33.940000,13.000000,0.000000,7.000000,0.000000,0.000000,0.000000,1.000000,0.000000
59.320000,89.000000,2.213700,31.170000,16.000000,0.000000,3.000000,0.000000,1.000000,0.000000,1.000000,0.000000
58.560000,81.000000,2.185300,32.490000,13.000000,0.000000,5.000000,1.000000,1.000000,0.000000,0.000000,0.000000
58.380000,100.000000,2.178600,41.310000,20.000000,0.000000,0.000000,0.000000,0.000000,0.000000,1.000000,0.000000
56.330000,83.000000,2.102100,29.970000,13.000000,0.000000,6.000000,0.000000,1.000000,0.000000,1.000000,0.000000
56.220000,91.000000,2.098100,33.840000,17.000000,0.000000,2.000000,0.000000,1.000000,0.000000,1.000000,0.000000
56.010000,83.000000,2.090200,30.140000,14.000000,0.000000,4.000000,1.000000,1.000000,0.000000,0.000000,1.000000
55.470000,85.000000,2.070100,31.400000,14.000000,0.000000,5.000000,0.000000,1.000000,0.000000,1.000000,0.000000
55.320000,93.000000,2.064500,35.360000,18.000000,0.000000,1.000000,0.000000,1.000000,0.000000,0.000000,1.000000
55.320000,90.000000,2.064200,43.600000,15.000000,0.000000,5.000000,0.000000,0.000000,0.000000,0.000000,0.000000
54.810000,85.000000,2.045300,36.670000,14.000000,0.000000,5.000000,0.000000,1.000000,0.000000,0.000000,0.000000
54.550000,88.000000,2.035600,43.230000,15.000000,0.000000,4.000000,1.000000,0.000000,0.000000,0.000000,0.000000
54.480000,83.000000,2.032900,30.990000,14.000000,0.000000,4.000000,1.000000,1.000000,0.000000,1.000000,0.000000
54.220000,82.000000,2.023200,40.530000,12.000000,0.000000,7.000000,1.000000,0.000000,0.000000,0.000000,0.000000
53.470000,92.000000,1.995200,46.110000,16.000000,0.000000,4.000000,0.000000,0.000000,0.000000,0.000000,0.000000
53.400000,85.000000,1.992800,27.600000,14.000000,0.000000,5.000000,0.000000,1.000000,0.000000,1.000000,1.000000
52.680000,81.000000,1.965800,31.030000,12.000000,0.000000,7.000000,0.000000,1.000000,0.000000,1.000000,0.000000
51.570000,96.000000,1.924600,49.880000,18.000000,0.000000,2.000000,0.000000,0.000000,0.000000,0.000000,0.000000
51.290000,85.000000,1.914000,33.960000,14.000000,0.000000,5.000000,0.000000,1.000000,0.000000,1.000000,0.000000
50.360000,90.000000,1.879300,47.890000,16.000000,0.000000,3.000000,1.000000,0.000000,0.000000,0.000000,0.000000
49.250000,84.000000,1.838000,29.380000,15.000000,0.000000,3.000000,0.000000,2.000000,0.000000,1.000000,0.000000
49.180000,81.000000,1.835100,33.240000,12.000000,0.000000,7.000000,0.000000,1.000000,0.000000,1.000000,0.000000
47.080000,78.000000,1.757000,33.010000,13.000000,0.000000,4.000000,1.000000,2.000000,0.000000,0.000000,0.000000
44.810000,76.000000,1.672100,27.510000,12.000000,0.000000,5.000000,1.000000,2.000000,0.000000,1.000000,0.000000
40.810000,90.000000,1.522900,52.530000,16.000000,0.000000,3.000000,1.000000,0.000000,0.000000,1.000000,0.000000
39.850000,87.000000,1.487200,45.050000,15.000000,0.000000,4.000000,0.000000,1.000000,0.000000,0.000000,1.000000
39.750000,78.000000,1.483300,32.360000,13.000000,0.000000,4.000000,1.000000,2.000000,0.000000,1.000000,0.000000
39.620000,70.000000,1.478400,33.820000,10.000000,0.000000,6.000000,2.000000,2.000000,0.000000,0.000000,0.000000
39.440000,80.000000,1.471700,40.770000,13.000000,0.000000,5.000000,0.000000,2.000000,0.000000,0.000000,0.000000
38.790000,93.000000,1.447600,50.430000,18.000000,0.000000,1.000000,0.000000,1.000000,0.000000,1.000000,0.000000
38.760000,83.000000,1.446400,50.470000,15.000000,0.000000,2.000000,2.000000,1.000000,0.000000,0.000000,0.000000
37.690000,93.000000,1.406300,44.800000,18.000000,0.000000,1.000000,0.000000,1.000000,0.000000,2.000000,0.000000
36.100000,81.000000,1.347100,37.860000,12.000000,0.000000,7.000000,0.000000,1.000000,0.000000,0.000000,2.000000
35.950000,75.000000,1.341500,26.090000,12.000000,0.000000,5.000000,0.000000,3.000000,0.000000,1.000000,0.000000
34.050000,84.000000,1.270600,34.630000,15.000000,0.000000,3.000000,0.000000,2.000000,0.000000,2.000000,0.000000
31.970000,92.000000,1.192900,43.590000,16.000000,0.000000,4.000000,0.000000,0.000000,0.000000,1.000000,3.000000
31.590000,71.000000,1.178800,34.780000,11.000000,0.000000,4.000000,4.000000,1.000000,0.000000,2.000000,0.000000
29.450000,90.000000,1.099100,45.490000,18.000000,0.000000,0.000000,0.000000,2.000000,0.000000,1.000000,1.000000
22.040000,78.000000,0.822600,34.040000,12.000000,0.000000,6.000000,0.000000,2.000000,0.000000,2.000000,1.000000
100.000000,157.000000,6.641300,23.640000,30.000000,0.000000,2.000000,1.000000,0.000000,0.000000,0.000000,0.000000
96.320000,155.000000,6.397000,24.230000,28.000000,0.000000,5.000000,0.000000,0.000000,0.000000,0.000000,0.000000
95.520000,161.000000,6.343600,25.380000,31.000000,0.000000,2.000000,0.000000,0.000000,0.000000,0.000000,0.000000
91.310000,153.000000,6.064200,25.230000,27.000000,0.000000,6.000000,0.000000,0.000000,0.000000,0.000000,0.000000
90.410000,159.000000,6.004500,26.480000,30.000000,0.000000,3.000000,0.000000,0.000000,0.000000,0.000000,0.000000
90.370000,163.000000,6.001500,27.160000,32.000000,0.000000,1.000000,0.000000,0.000000,0.000000,0.000000,0.000000
87.400000,153.000000,5.804200,26.360000,27.000000,0.000000,6.000000,0.000000,0.000000,0.000000,0.000000,0.000000
83.860000,153.000000,5.569700,27.470000,27.000000,0.000000,6.000000,0.000000,0.000000,0.000000,0.000000,0.000000
82.800000,157.000000,5.499100,28.550000,29.000000,0.000000,4.000000,0.000000,0.000000,0.000000,0.000000,0.000000
82.000000,157.000000,5.445700,28.830000,29.000000,0.000000,4.000000,0.000000,0.000000,0.000000,0.000000,0.000000
81.900000,148.000000,5.439500,25.370000,26.000000,0.000000,6.000000,0.000000,1.000000,0.000000,0.000000,0.000000
81.410000,141.000000,5.406400,26.080000,23.000000,0.000000,8.000000,2.000000,0.000000,0.000000,0.000000,0.000000
80.780000,147.000000,5.365000,27.400000,25.000000,0.000000,7.000000,1.000000,0.000000,0.000000,0.000000,0.000000
80.630000,151.000000,5.354600,28.200000,27.000000,0.000000,5.000000,1.000000,0.000000,0.000000,0.000000,0.000000
79.380000,157.000000,5.272000,29.780000,29.000000,0.000000,4.000000,0.000000,0.000000,0.000000,0.000000,0.000000
78.860000,161.000000,5.237500,30.740000,31.000000,0.000000,2.000000,0.000000,0.000000,0.000000,0.000000,0.000000
77.960000,159.000000,5.177500,30.710000,30.000000,0.000000,3.000000,0.000000,0.000000,0.000000,0.000000,0.000000
77.870000,155.000000,5.171800,29.970000,29.000000,0.000000,3.000000,1.000000,0.000000,0.000000,0.000000,0.000000
77.720000,139.000000,5.161500,26.930000,22.000000,0.000000,9.000000,2.000000,0.000000,0.000000,0.000000,0.000000
77.070000,147.000000,5.118400,28.720000,25.000000,0.000000,7.000000,1.000000,0.000000,0.000000,0.000000,0.000000
76.310000,157.000000,5.067800,30.980000,30.000000,0.000000,2.000000,1.000000,0.000000,0.000000,0.000000,0.000000
73.780000,145.000000,4.900200,27.550000,25.000000,0.000000,6.000000,2.000000,0.000000,0.000000,1.000000,0.000000
73.650000,155.000000,4.891100,31.690000,28.000000,0.000000,5.000000,0.000000,0.000000,0.000000,0.000000,0.000000
73.620000,159.000000,4.889300,32.520000,30.000000,0.000000,3.000000,0.000000,0.000000,0.000000,0.000000,0.000000
73.230000,149.000000,4.863500,28.580000,27.000000,0.000000,4.000000,2.000000,0.000000,0.000000,1.000000,0.000000
70.540000,146.000000,4.684800,29.030000,27.000000,0.000000,3.000000,2.000000,1.000000,0.000000,0.000000,0.000000
69.960000,153.000000,4.646200,32.930000,28.000000,0.000000,4.000000,1.000000,0.000000,0.000000,0.000000,0.000000
69.330000,153.000000,4.604300,33.230000,28.000000,0.000000,4.000000,1.000000,0.000000,0.000000,0.000000,0.000000
67.950000,151.000000,4.512900,33.460000,27.000000,0.000000,5.000000,1.000000,0.000000,0.000000,0.000000,0.000000
67.920000,159.000000,4.511100,33.030000,30.000000,0.000000,3.000000,0.000000,0.000000,0.000000,1.000000,0.000000
67.100000,161.000000,4.456100,36.130000,31.000000,0.000000,2.000000,0.000000,0.000000,0.000000,0.000000,0.000000
66.040000,151.000000,4.385700,34.430000,26.000000,0.000000,7.000000,0.000000,0.000000,0.000000,0.000000,0.000000
65.680000,149.000000,4.361800,34.160000,26.000000,0.000000,6.000000,1.000000,0.000000,0.000000,0.000000,0.000000
61.030000,155.000000,4.053300,38.240000,28.000000,0.000000,5.000000,0.000000,0.000000,0.000000,0.000000,0.000000
60.200000,145.000000,3.997800,36.270000,24.000000,0.000000,8.000000,1.000000,0.000000,0.000000,0.000000,0.000000
59.290000,139.000000,3.937900,27.680000,23.000000,0.000000,8.000000,0.000000,2.000000,0.000000,1.000000,0.000000
58.680000,152.000000,3.896800,36.440000,28.000000,0.000000,4.000000,0.000000,1.000000,0.000000,0.000000,0.000000
58.670000,161.000000,3.896400,41.320000,31.000000,0.000000,2.000000,0.000000,0.000000,0.000000,0.000000,0.000000
57.490000,146.000000,3.818300,30.380000,26.000000,0.000000,5.000000,1.000000,1.000000,0.000000,2.000000,0.000000
56.070000,147.000000,3.723700,31.420000,27.000000,0.000000,4.000000,0.000000,2.000000,0.000000,1.000000,0.000000
55.470000,139.000000,3.683700,29.590000,24.000000,0.000000,6.000000,1.000000,2.000000,0.000000,0.000000,1.000000
54.960000,121.000000,3.650200,27.670000,18.000000,0.000000,9.000000,4.000000,2.000000,0.000000,0.000000,0.000000
54.310000,145.000000,3.607000,40.200000,24.000000,0.000000,8.000000,1.000000,0.000000,0.000000,0.000000,0.000000
54.300000,144.000000,3.606000,37.160000,24.000000,0.000000,8.000000,0.000000,1.000000,0.000000,0.000000,0.000000
53.440000,151.000000,3.548800,42.550000,26.000000,0.000000,7.000000,0.000000,0.000000,0.000000,0.000000,0.000000
51.620000,137.000000,3.428100,34.130000,22.000000,0.000000,9.000000,0.000000,2.000000,0.000000,0.000000,0.000000
49.720000,139.000000,3.302200,29.980000,24.000000,0.000000,6.000000,1.000000,2.000000,0.000000,2.000000,0.000000
48.440000,143.000000,3.217200,41.340000,23.000000,0.000000,9.000000,1.000000,0.000000,0.000000,1.000000,0.000000
48.000000,134.000000,3.187700,38.900000,22.000000,0.000000,7.000000,3.000000,1.000000,0.000000,0.000000,0.000000
46.530000,143.000000,3.090500,39.800000,25.000000,0.000000,6.000000,0.000000,2.000000,0.000000,0.000000,0.000000
45.700000,150.000000,3.034900,46.130000,28.000000,0.000000,3.000000,1.000000,1.000000,0.000000,0.000000,0.000000
45.520000,155.000000,3.023200,51.270000,28.000000,0.000000,5.000000,0.000000,0.000000,0.000000,0.000000,0.000000
45.220000,131.000000,3.003200,36.960000,21.000000,0.000000,8.000000,2.000000,2.000000,0.000000,0.000000,0.000000
45.170000,142.000000,3.000000,44.000000,24.000000,0.000000,7.000000,1.000000,1.000000,0.000000,0.000000,0.000000
44.390000,145.000000,2.948000,39.010000,27.000000,0.000000,3.000000,1.000000,2.000000,0.000000,0.000000,1.000000
44.280000,141.000000,2.940600,47.950000,23.000000,0.000000,8.000000,2.000000,0.000000,0.000000,0.000000,0.000000
44.190000,158.000000,2.934900,47.020000,31.000000,0.000000,1.000000,0.000000,1.000000,0.000000,1.000000,0.000000
43.800000,140.000000,2.908900,44.690000,24.000000,0.000000,6.000000,2.000000,1.000000,0.000000,0.000000,0.000000
43.510000,141.000000,2.889900,38.410000,24.000000,0.000000,7.000000,0.000000,2.000000,0.000000,1.000000,0.000000
41.100000,145.000000,2.729600,42.130000,26.000000,0.000000,5.000000,0.000000,2.000000,0.000000,1.000000,0.000000
40.800000,145.000000,2.709800,49.820000,24.000000,0.000000,8.000000,1.000000,0.000000,0.000000,1.000000,0.000000
38.860000,133.000000,2.580500,43.790000,22.000000,0.000000,7.000000,2.000000,2.000000,0.000000,0.000000,0.000000
37.360000,146.000000,2.481300,46.750000,28.000000,0.000000,1.000000,3.000000,1.000000,0.000000,2.000000,0.000000
36.990000,150.000000,2.456500,52.920000,27.000000,0.000000,5.000000,0.000000,1.000000,0.000000,1.000000,0.000000
36.920000,145.000000,2.452000,46.900000,26.000000,0.000000,5.000000,0.000000,2.000000,0.000000,1.000000,0.000000
36.160000,142.000000,2.401500,38.310000,27.000000,0.000000,2.000000,1.000000,3.000000,0.000000,2.000000,0.000000
35.110000,154.000000,2.331600,61.760000,29.000000,0.000000,3.000000,0.000000,1.000000,0.000000,0.000000,0.000000
34.350000,153.000000,2.281400,62.680000,27.000000,0.000000,6.000000,0.000000,0.000000,0.000000,1.000000,0.000000
30.420000,146.000000,2.020600,57.410000,28.000000,0.000000,2.000000,0.000000,3.000000,0.000000,0.000000,0.000000
26.660000,117.000000,1.770600,37.840000,18.000000,0.000000,8.000000,3.000000,4.000000,0.000000,0.000000,1.000000
22.720000,120.000000,1.509100,39.760000,18.000000,0.000000,9.000000,3.000000,3.000000,0.000000,2.000000,1.000000
7.550000,112.000000,0.501600,63.800000,17.000000,0.000000,9.000000,0.000000,7.000000,0.000000,0.000000,1.000000
100.000000,166.000000,8.250500,20.120000,33.000000,0.000000,0.000000,1.000000,0.000000,0.000000,0.000000,0.000000
98.130000,168.000000,8.096400,20.750000,33.000000,0.000000,1.000000,0.000000,0.000000,0.000000,0.000000,0.000000
95.450000,162.000000,7.875500,20.570000,30.000000,0.000000,4.000000,0.000000,0.000000,0.000000,0.000000,0.000000
88.050000,162.000000,7.264600,22.300000,31.000000,0.000000,2.000000,1.000000,0.000000,0.000000,0.000000,0.000000
87.470000,160.000000,7.217000,22.170000,29.000000,0.000000,5.000000,0.000000,0.000000,0.000000,0.000000,0.000000
87.360000,166.000000,7.208000,23.030000,32.000000,0.000000,2.000000,0.000000,0.000000,0.000000,0.000000,0.000000
86.580000,164.000000,7.142900,22.960000,31.000000,0.000000,3.000000,0.000000,0.000000,0.000000,0.000000,0.000000
85.720000,164.000000,7.072000,23.190000,31.000000,0.000000,3.000000,0.000000,0.000000,0.000000,0.000000,0.000000
85.000000,158.000000,7.012900,22.530000,28.000000,0.000000,6.000000,0.000000,0.000000,0.000000,0.000000,0.000000
83.310000,162.000000,6.873100,23.570000,30.000000,0.000000,4.000000,0.000000,0.000000,0.000000,0.000000,0.000000
82.260000,162.000000,6.786800,23.870000,30.000000,0.000000,4.000000,0.000000,0.000000,0.000000,0.000000,0.000000
81.540000,162.000000,6.727600,24.080000,30.000000,0.000000,4.000000,0.000000,0.000000,0.000000,0.000000,0.000000
80.380000,164.000000,6.631600,24.730000,31.000000,0.000000,3.000000,0.000000,0.000000,0.000000,0.000000,0.000000
79.710000,150.000000,6.576100,22.810000,25.000000,0.000000,8.000000,1.000000,0.000000,0.000000,0.000000,0.000000
79.040000,146.000000,6.520800,22.390000,24.000000,0.000000,8.000000,2.000000,0.000000,0.000000,0.000000,0.000000
78.730000,162.000000,6.495700,23.400000,30.000000,0.000000,4.000000,0.000000,0.000000,0.000000,1.000000,0.000000
77.680000,164.000000,6.408800,25.590000,31.000000,0.000000,3.000000,0.000000,0.000000,0.000000,0.000000,0.000000
77.380000,152.000000,6.383900,23.810000,26.000000,0.000000,7.000000,1.000000,0.000000,0.000000,0.000000,0.000000
76.410000,156.000000,6.304000,23.160000,28.000000,0.000000,5.000000,1.000000,0.000000,0.000000,1.000000,0.000000
75.950000,153.000000,6.266400,22.820000,28.000000,0.000000,4.000000,1.000000,1.000000,0.000000,0.000000,0.000000
75.890000,170.000000,6.261500,27.150000,34.000000,0.000000,0.000000,0.000000,0.000000,0.000000,0.000000,0.000000
75.250000,158.000000,6.208300,25.450000,30.000000,0.000000,2.000000,2.000000,0.000000,0.000000,0.000000,0.000000
72.930000,152.000000,6.017400,25.260000,26.000000,0.000000,7.000000,1.000000,0.000000,0.000000,0.000000,0.000000
72.760000,158.000000,6.003000,26.320000,28.000000,0.000000,6.000000,0.000000,0.000000,0.000000,0.000000,0.000000
71.350000,158.000000,5.886700,26.840000,28.000000,0.000000,6.000000,0.000000,0.000000,0.000000,0.000000,0.000000
70.650000,160.000000,5.828800,27.450000,29.000000,0.000000,5.000000,0.000000,0.000000,0.000000,0.000000,0.000000
70.370000,160.000000,5.805500,27.560000,29.000000,0.000000,5.000000,0.000000,0.000000,0.000000,0.000000,0.000000
70.140000,168.000000,5.787100,29.030000,33.000000,0.000000,1.000000,0.000000,0.000000,0.000000,0.000000,0.000000
69.700000,162.000000,5.750800,28.170000,30.000000,0.000000,4.000000,0.000000,0.000000,0.000000,0.000000,0.000000
67.910000,158.000000,5.602800,28.200000,28.000000,0.000000,6.000000,0.000000,0.000000,0.000000,0.000000,0.000000
67.600000,158.000000,5.577100,28.330000,28.000000,0.000000,6.000000,0.000000,0.000000,0.000000,0.000000,0.000000
67.220000,164.000000,5.546200,29.570000,31.000000,0.000000,3.000000,0.000000,0.000000,0.000000,0.000000,0.000000
66.320000,162.000000,5.471600,27.780000,31.000000,0.000000,2.000000,1.000000,0.000000,0.000000,1.000000,0.000000
64.650000,157.000000,5.333800,27.560000,29.000000,0.000000,4.000000,0.000000,1.000000,0.000000,0.000000,0.000000
63.770000,160.000000,5.261400,30.410000,29.000000,0.000000,5.000000,0.000000,0.000000,0.000000,0.000000,0.000000
63.730000,160.000000,5.258000,30.430000,29.000000,0.000000,5.000000,0.000000,0.000000,0.000000,0.000000,0.000000
63.500000,158.000000,5.238900,28.250000,28.000000,0.000000,6.000000,0.000000,0.000000,0.000000,1.000000,0.000000
62.990000,152.000000,5.196600,29.250000,25.000000,0.000000,9.000000,0.000000,0.000000,0.000000,0.000000,0.000000
61.500000,164.000000,5.074300,32.320000,31.000000,0.000000,3.000000,0.000000,0.000000,0.000000,0.000000,0.000000
61.310000,164.000000,5.058600,32.420000,31.000000,0.000000,3.000000,0.000000,0.000000,0.000000,0.000000,0.000000
61.150000,139.000000,5.045000,25.570000,21.000000,0.000000,11.000000,1.000000,1.000000,0.000000,0.000000,0.000000
61.090000,155.000000,5.040000,28.770000,28.000000,0.000000,5.000000,0.000000,1.000000,0.000000,0.000000,0.000000
60.840000,164.000000,5.019900,32.670000,31.000000,0.000000,3.000000,0.000000,0.000000,0.000000,0.000000,0.000000
60.790000,147.000000,5.015800,25.320000,25.000000,0.000000,7.000000,1.000000,1.000000,0.000000,1.000000,0.000000
60.650000,149.000000,5.003600,27.780000,25.000000,0.000000,8.000000,0.000000,1.000000,0.000000,0.000000,0.000000
60.000000,154.000000,4.950200,31.110000,27.000000,0.000000,6.000000,1.000000,0.000000,0.000000,0.000000,0.000000
59.840000,162.000000,4.937500,32.810000,30.000000,0.000000,4.000000,0.000000,0.000000,0.000000,0.000000,0.000000
58.920000,154.000000,4.861100,31.680000,26.000000,0.000000,8.000000,0.000000,0.000000,0.000000,0.000000,0.000000
57.220000,143.000000,4.721300,28.170000,22.000000,0.000000,11.000000,0.000000,1.000000,0.000000,0.000000,0.000000
55.110000,154.000000,4.546800,33.870000,27.000000,0.000000,6.000000,1.000000,0.000000,0.000000,0.000000,0.000000
53.910000,158.000000,4.448200,35.520000,28.000000,0.000000,6.000000,0.000000,0.000000,0.000000,0.000000,0.000000
53.260000,144.000000,4.394000,28.220000,25.000000,0.000000,6.000000,1.000000,2.000000,0.000000,0.000000,0.000000
52.650000,150.000000,4.344000,34.530000,25.000000,0.000000,8.000000,1.000000,0.000000,0.000000,0.000000,0.000000
52.390000,150.000000,4.322800,34.700000,26.000000,0.000000,6.000000,2.000000,0.000000,0.000000,0.000000,0.000000
51.620000,158.000000,4.258800,37.100000,28.000000,0.000000,6.000000,0.000000,0.000000,0.000000,0.000000,0.000000
50.880000,150.000000,4.198200,35.730000,26.000000,0.000000,6.000000,2.000000,0.000000,0.000000,0.000000,0.000000
47.880000,132.000000,3.950600,28.350000,23.000000,0.000000,4.000000,5.000000,2.000000,0.000000,0.000000,0.000000
47.330000,154.000000,3.904700,39.440000,28.000000,0.000000,4.000000,2.000000,0.000000,0.000000,0.000000,0.000000
46.440000,168.000000,3.831200,43.850000,33.000000,0.000000,1.000000,0.000000,0.000000,0.000000,0.000000,0.000000
43.720000,139.000000,3.607400,35.760000,22.000000,0.000000,9.000000,2.000000,1.000000,0.000000,0.000000,0.000000
43.300000,162.000000,3.572200,45.350000,30.000000,0.000000,4.000000,0.000000,0.000000,0.000000,0.000000,0.000000
40.770000,155.000000,3.363500,43.110000,28.000000,0.000000,5.000000,0.000000,1.000000,0.000000,0.000000,0.000000
38.610000,143.000000,3.185600,41.750000,24.000000,0.000000,7.000000,2.000000,1.000000,0.000000,0.000000,0.000000
37.240000,141.000000,3.072200,42.640000,23.000000,0.000000,8.000000,2.000000,1.000000,0.000000,0.000000,0.000000
35.490000,152.000000,2.928100,51.910000,27.000000,0.000000,5.000000,2.000000,0.000000,0.000000,0.000000,0.000000
35.060000,145.000000,2.892700,46.670000,25.000000,0.000000,6.000000,2.000000,1.000000,0.000000,0.000000,0.000000
34.090000,152.000000,2.813000,50.480000,26.000000,0.000000,7.000000,1.000000,0.000000,0.000000,1.000000,0.000000
32.410000,146.000000,2.674000,47.120000,23.000000,0.000000,10.000000,1.000000,0.000000,0.000000,2.000000,0.000000
32.410000,139.000000,2.673600,44.510000,21.000000,0.000000,11.000000,1.000000,1.000000,0.000000,1.000000,0.000000
14.620000,132.000000,1.206500,34.810000,24.000000,0.000000,4.000000,0.000000,6.000000,0.000000,0.000000,3.000000
13.990000,136.000000,1.154600,39.840000,26.000000,0.000000,2.000000,0.000000,6.000000,0.000000,0.000000,3.000000
13.010000,124.000000,1.073300,78.260000,20.000000,0.000000,7.000000,3.000000,4.000000,0.000000,0.000000,0.000000
100.000000,145.000000,10.716900,13.530000,26.000000,0.000000,5.000000,0.000000,0.000000,0.000000,0.000000,0.000000
98.610000,149.000000,10.567400,14.100000,28.000000,0.000000,3.000000,0.000000,0.000000,0.000000,0.000000,0.000000
86.600000,148.000000,9.280400,14.870000,29.000000,0.000000,1.000000,0.000000,1.000000,0.000000,0.000000,0.000000
83.970000,133.000000,8.998600,14.780000,25.000000,0.000000,1.000000,5.000000,0.000000,0.000000,0.000000,0.000000
80.470000,131.000000,8.624100,15.190000,20.000000,0.000000,10.000000,1.000000,0.000000,0.000000,0.000000,0.000000
80.420000,141.000000,8.618600,16.360000,25.000000,0.000000,5.000000,1.000000,0.000000,0.000000,0.000000,0.000000
80.250000,137.000000,8.600100,15.930000,23.000000,0.000000,7.000000,1.000000,0.000000,0.000000,0.000000,0.000000
79.790000,141.000000,8.550600,16.490000,25.000000,0.000000,5.000000,1.000000,0.000000,0.000000,0.000000,0.000000
79.600000,133.000000,8.531100,15.590000,24.000000,0.000000,3.000000,4.000000,0.000000,0.000000,0.000000,0.000000
79.550000,133.000000,8.525600,15.600000,21.000000,0.000000,9.000000,1.000000,0.000000,0.000000,0.000000,0.000000
78.850000,151.000000,8.449900,17.870000,29.000000,0.000000,2.000000,0.000000,0.000000,0.000000,0.000000,0.000000
77.220000,131.000000,8.275400,15.830000,20.000000,0.000000,10.000000,1.000000,0.000000,0.000000,0.000000,0.000000
77.000000,135.000000,8.251800,16.360000,21.000000,0.000000,10.000000,0.000000,0.000000,0.000000,0.000000,0.000000
76.870000,132.000000,8.237700,14.810000,24.000000,0.000000,3.000000,3.000000,1.000000,0.000000,0.000000,0.000000
76.730000,137.000000,8.223300,16.660000,25.000000,0.000000,3.000000,3.000000,0.000000,0.000000,0.000000,0.000000
75.350000,125.000000,8.074900,15.480000,19.000000,0.000000,9.000000,3.000000,0.000000,0.000000,0.000000,0.000000
72.780000,144.000000,7.799800,17.180000,27.000000,0.000000,3.000000,0.000000,1.000000,0.000000,0.000000,0.000000
71.930000,122.000000,7.708200,14.530000,20.000000,0.000000,6.000000,4.000000,1.000000,0.000000,0.000000,0.000000
71.860000,133.000000,7.701200,17.270000,22.000000,0.000000,7.000000,2.000000,0.000000,0.000000,0.000000,0.000000
71.460000,132.000000,7.658500,15.930000,22.000000,0.000000,7.000000,1.000000,1.000000,0.000000,0.000000,0.000000
71.180000,130.000000,7.628700,15.730000,22.000000,0.000000,6.000000,2.000000,1.000000,0.000000,0.000000,0.000000
70.450000,127.000000,7.550500,16.820000,20.000000,0.000000,8.000000,3.000000,0.000000,0.000000,0.000000,0.000000
70.130000,147.000000,7.515300,19.560000,27.000000,0.000000,4.000000,0.000000,0.000000,0.000000,0.000000,0.000000
70.050000,153.000000,7.507400,20.380000,30.000000,0.000000,1.000000,0.000000,0.000000,0.000000,0.000000,0.000000
69.440000,135.000000,7.442100,18.140000,23.000000,0.000000,6.000000,2.000000,0.000000,0.000000,0.000000,0.000000
69.420000,143.000000,7.440200,19.220000,26.000000,0.000000,4.000000,1.000000,0.000000,0.000000,0.000000,0.000000
68.070000,130.000000,7.294800,16.450000,22.000000,0.000000,6.000000,2.000000,1.000000,0.000000,0.000000,0.000000
67.350000,131.000000,7.217600,18.150000,21.000000,0.000000,8.000000,2.000000,0.000000,0.000000,0.000000,0.000000
66.250000,131.000000,7.100300,18.450000,20.000000,0.000000,10.000000,1.000000,0.000000,0.000000,0.000000,0.000000
66.030000,132.000000,7.076600,17.240000,22.000000,0.000000,7.000000,1.000000,1.000000,0.000000,0.000000,0.000000
65.600000,140.000000,7.030800,18.490000,25.000000,0.000000,5.000000,0.000000,1.000000,0.000000,0.000000,0.000000
65.260000,141.000000,6.994000,20.160000,25.000000,0.000000,5.000000,1.000000,0.000000,0.000000,0.000000,0.000000
64.900000,140.000000,6.955600,18.690000,25.000000,0.000000,5.000000,0.000000,1.000000,0.000000,0.000000,0.000000
64.470000,137.000000,6.908700,19.830000,23.000000,0.000000,7.000000,1.000000,0.000000,0.000000,0.000000,0.000000
64.270000,141.000000,6.887500,19.020000,25.000000,0.000000,5.000000,1.000000,0.000000,0.000000,1.000000,0.000000
63.540000,149.000000,6.809900,21.880000,28.000000,0.000000,3.000000,0.000000,0.000000,0.000000,0.000000,0.000000
63.330000,139.000000,6.787100,20.480000,23.000000,0.000000,8.000000,0.000000,0.000000,0.000000,0.000000,0.000000
62.530000,138.000000,6.701600,19.100000,24.000000,0.000000,6.000000,0.000000,1.000000,0.000000,0.000000,0.000000
62.380000,130.000000,6.685200,17.950000,23.000000,0.000000,4.000000,3.000000,1.000000,0.000000,0.000000,0.000000
61.940000,137.000000,6.637600,20.640000,23.000000,0.000000,7.000000,1.000000,0.000000,0.000000,0.000000,0.000000
60.540000,133.000000,6.487800,20.500000,21.000000,0.000000,9.000000,1.000000,0.000000,0.000000,0.000000,0.000000
59.900000,133.000000,6.418900,20.720000,22.000000,0.000000,7.000000,2.000000,0.000000,0.000000,0.000000,0.000000
59.510000,137.000000,6.378000,21.480000,23.000000,0.000000,7.000000,1.000000,0.000000,0.000000,0.000000,0.000000
58.800000,145.000000,6.301600,23.010000,26.000000,0.000000,5.000000,0.000000,0.000000,0.000000,0.000000,0.000000
58.740000,131.000000,6.295100,20.810000,22.000000,0.000000,6.000000,3.000000,0.000000,0.000000,0.000000,0.000000
58.650000,153.000000,6.285900,24.340000,30.000000,0.000000,1.000000,0.000000,0.000000,0.000000,0.000000,0.000000
56.900000,133.000000,6.098100,21.810000,22.000000,0.000000,7.000000,2.000000,0.000000,0.000000,0.000000,0.000000
56.540000,129.000000,6.059200,21.290000,19.000000,0.000000,11.000000,1.000000,0.000000,0.000000,0.000000,0.000000
55.060000,117.000000,5.900200,19.830000,16.000000,0.000000,11.000000,4.000000,0.000000,0.000000,0.000000,0.000000
52.030000,135.000000,5.576200,24.210000,21.000000,0.000000,10.000000,0.000000,0.000000,0.000000,0.000000,0.000000
50.220000,134.000000,5.381900,23.040000,22.000000,0.000000,8.000000,0.000000,1.000000,0.000000,0.000000,0.000000
48.970000,131.000000,5.248400,24.960000,21.000000,0.000000,8.000000,2.000000,0.000000,0.000000,0.000000,0.000000
48.840000,132.000000,5.233800,23.310000,22.000000,0.000000,7.000000,1.000000,1.000000,0.000000,0.000000,0.000000
48.560000,130.000000,5.203800,23.060000,21.000000,0.000000,8.000000,1.000000,1.000000,0.000000,0.000000,0.000000
47.450000,128.000000,5.085600,19.270000,24.000000,0.000000,2.000000,2.000000,3.000000,0.000000,0.000000,0.000000
46.940000,131.000000,5.030700,26.040000,21.000000,0.000000,8.000000,2.000000,0.000000,0.000000,0.000000,0.000000
46.870000,141.000000,5.023200,28.070000,26.000000,0.000000,3.000000,2.000000,0.000000,0.000000,0.000000,0.000000
46.270000,139.000000,4.959000,28.030000,24.000000,0.000000,6.000000,1.000000,0.000000,0.000000,0.000000,0.000000
46.260000,116.000000,4.957900,21.380000,14.000000,0.000000,15.000000,1.000000,1.000000,0.000000,0.000000,0.000000
46.260000,139.000000,4.957200,28.040000,24.000000,0.000000,6.000000,1.000000,0.000000,0.000000,0.000000,0.000000
45.790000,145.000000,4.906900,29.550000,26.000000,0.000000,5.000000,0.000000,0.000000,0.000000,0.000000,0.000000
44.160000,126.000000,4.733100,18.170000,23.000000,0.000000,3.000000,2.000000,3.000000,0.000000,0.000000,1.000000
42.780000,110.000000,4.585100,21.810000,14.000000,0.000000,12.000000,4.000000,1.000000,0.000000,0.000000,0.000000
41.930000,144.000000,4.493600,29.820000,27.000000,0.000000,3.000000,0.000000,1.000000,0.000000,0.000000,0.000000
41.700000,142.000000,4.468500,29.540000,27.000000,0.000000,2.000000,1.000000,1.000000,0.000000,0.000000,0.000000
41.600000,115.000000,4.458000,21.310000,18.000000,0.000000,7.000000,4.000000,2.000000,0.000000,0.000000,0.000000
39.340000,130.000000,4.216400,28.460000,21.000000,0.000000,8.000000,1.000000,1.000000,0.000000,0.000000,0.000000
32.340000,117.000000,3.465500,27.990000,18.000000,0.000000,8.000000,3.000000,2.000000,0.000000,0.000000,0.000000
30.590000,130.000000,3.278700,27.450000,24.000000,0.000000,3.000000,1.000000,3.000000,0.000000,0.000000,1.000000
27.710000,114.000000,2.969500,24.920000,16.000000,0.000000,11.000000,1.000000,3.000000,0.000000,0.000000,1.000000
24.160000,130.000000,2.589200,34.760000,23.000000,0.000000,5.000000,0.000000,3.000000,0.000000,0.000000,1.000000
19.830000,101.000000,2.125400,38.110000,12.000000,0.000000,12.000000,5.000000,2.000000,0.000000,0.000000,0.000000
100.000000,148.000000,8.589700,17.230000,26.000000,0.000000,6.000000,0.000000,0.000000,0.000000,0.000000,0.000000
83.120000,146.000000,7.139400,20.450000,25.000000,0.000000,7.000000,0.000000,0.000000,0.000000,0.000000,0.000000
82.670000,146.000000,7.101200,20.560000,25.000000,0.000000,7.000000,0.000000,0.000000,0.000000,0.000000,0.000000
80.140000,146.000000,6.883500,21.210000,25.000000,0.000000,7.000000,0.000000,0.000000,0.000000,0.000000,0.000000
80.090000,138.000000,6.879400,20.060000,21.000000,0.000000,11.000000,0.000000,0.000000,0.000000,0.000000,0.000000
78.790000,138.000000,6.768000,20.390000,22.000000,0.000000,9.000000,1.000000,0.000000,0.000000,0.000000,0.000000
76.550000,154.000000,6.575600,23.420000,29.000000,0.000000,3.000000,0.000000,0.000000,0.000000,0.000000,0.000000
76.250000,146.000000,6.550000,22.290000,25.000000,0.000000,7.000000,0.000000,0.000000,0.000000,0.000000,0.000000
75.350000,140.000000,6.472500,21.630000,22.000000,0.000000,10.000000,0.000000,0.000000,0.000000,0.000000,0.000000
73.740000,132.000000,6.334000,20.840000,18.000000,0.000000,14.000000,0.000000,0.000000,0.000000,0.000000,0.000000
73.000000,134.000000,6.270500,21.370000,19.000000,0.000000,13.000000,0.000000,0.000000,0.000000,0.000000,0.000000
72.970000,132.000000,6.267800,21.060000,18.000000,0.000000,14.000000,0.000000,0.000000,0.000000,0.000000,0.000000
72.760000,136.000000,6.250000,21.760000,21.000000,0.000000,10.000000,1.000000,0.000000,0.000000,0.000000,0.000000
72.410000,140.000000,6.219500,22.510000,22.000000,0.000000,10.000000,0.000000,0.000000,0.000000,0.000000,0.000000
71.720000,134.000000,6.160900,21.750000,19.000000,0.000000,13.000000,0.000000,0.000000,0.000000,0.000000,0.000000
71.630000,130.000000,6.152400,21.130000,20.000000,0.000000,9.000000,3.000000,0.000000,0.000000,0.000000,0.000000
71.400000,144.000000,6.132900,23.480000,24.000000,0.000000,8.000000,0.000000,0.000000,0.000000,0.000000,0.000000
71.320000,142.000000,6.126000,23.180000,24.000000,0.000000,7.000000,1.000000,0.000000,0.000000,0.000000,0.000000
70.310000,141.000000,6.039600,21.690000,24.000000,0.000000,7.000000,0.000000,1.000000,0.000000,0.000000,0.000000
68.290000,133.000000,5.865500,20.970000,21.000000,0.000000,9.000000,1.000000,1.000000,0.000000,0.000000,0.000000
67.190000,145.000000,5.771000,21.660000,26.000000,0.000000,5.000000,0.000000,1.000000,0.000000,1.000000,0.000000
67.080000,144.000000,5.762300,24.990000,24.000000,0.000000,8.000000,0.000000,0.000000,0.000000,0.000000,0.000000
66.980000,142.000000,5.753600,24.680000,23.000000,0.000000,9.000000,0.000000,0.000000,0.000000,0.000000,0.000000
66.750000,136.000000,5.733600,23.720000,20.000000,0.000000,12.000000,0.000000,0.000000,0.000000,0.000000,0.000000
65.050000,126.000000,5.587600,22.550000,18.000000,0.000000,11.000000,3.000000,0.000000,0.000000,0.000000,0.000000
63.910000,131.000000,5.490000,22.040000,21.000000,0.000000,8.000000,2.000000,1.000000,0.000000,0.000000,0.000000
63.880000,146.000000,5.486700,26.610000,25.000000,0.000000,7.000000,0.000000,0.000000,0.000000,0.000000,0.000000
63.770000,140.000000,5.477300,25.560000,22.000000,0.000000,10.000000,0.000000,0.000000,0.000000,0.000000,0.000000
63.710000,142.000000,5.472100,25.950000,23.000000,0.000000,9.000000,0.000000,0.000000,0.000000,0.000000,0.000000
63.240000,134.000000,5.431700,24.670000,19.000000,0.000000,13.000000,0.000000,0.000000,0.000000,0.000000,0.000000
61.970000,136.000000,5.322900,25.550000,21.000000,0.000000,10.000000,1.000000,0.000000,0.000000,0.000000,0.000000
61.000000,150.000000,5.239300,28.630000,27.000000,0.000000,5.000000,0.000000,0.000000,0.000000,0.000000,0.000000
60.140000,128.000000,5.165500,24.780000,17.000000,0.000000,14.000000,1.000000,0.000000,0.000000,0.000000,0.000000
60.120000,147.000000,5.164000,26.530000,27.000000,0.000000,4.000000,0.000000,1.000000,0.000000,0.000000,0.000000
58.660000,130.000000,5.038800,25.800000,19.000000,0.000000,11.000000,2.000000,0.000000,0.000000,0.000000,0.000000
57.560000,142.000000,4.944300,28.720000,23.000000,0.000000,9.000000,0.000000,0.000000,0.000000,0.000000,0.000000
56.960000,144.000000,4.893000,29.430000,24.000000,0.000000,8.000000,0.000000,0.000000,0.000000,0.000000,0.000000
56.710000,141.000000,4.871200,24.840000,24.000000,0.000000,7.000000,0.000000,1.000000,0.000000,1.000000,0.000000
56.630000,136.000000,4.864100,27.960000,21.000000,0.000000,10.000000,1.000000,0.000000,0.000000,0.000000,0.000000
56.300000,128.000000,4.835700,26.470000,18.000000,0.000000,12.000000,2.000000,0.000000,0.000000,0.000000,0.000000
55.050000,150.000000,4.728900,31.720000,27.000000,0.000000,5.000000,0.000000,0.000000,0.000000,0.000000,0.000000
54.320000,136.000000,4.665500,29.150000,20.000000,0.000000,12.000000,0.000000,0.000000,0.000000,0.000000,0.000000
53.780000,142.000000,4.619400,30.740000,23.000000,0.000000,9.000000,0.000000,0.000000,0.000000,0.000000,0.000000
53.480000,140.000000,4.593500,21.770000,24.000000,0.000000,6.000000,2.000000,0.000000,0.000000,4.000000,0.000000
52.540000,134.000000,4.513300,29.690000,19.000000,0.000000,13.000000,0.000000,0.000000,0.000000,0.000000,0.000000
52.230000,134.000000,4.486100,29.870000,19.000000,0.000000,13.000000,0.000000,0.000000,0.000000,0.000000,0.000000
51.910000,130.000000,4.458900,24.670000,18.000000,0.000000,13.000000,1.000000,0.000000,0.000000,2.000000,0.000000
51.480000,140.000000,4.422000,31.660000,24.000000,0.000000,6.000000,2.000000,0.000000,0.000000,0.000000,0.000000
51.470000,126.000000,4.421100,28.500000,16.000000,0.000000,15.000000,1.000000,0.000000,0.000000,0.000000,0.000000
51.130000,138.000000,4.392100,31.420000,22.000000,0.000000,9.000000,1.000000,0.000000,0.000000,0.000000,0.000000
50.830000,116.000000,4.365800,26.570000,16.000000,0.000000,10.000000,6.000000,0.000000,0.000000,0.000000,0.000000
50.690000,124.000000,4.353900,21.590000,18.000000,0.000000,11.000000,1.000000,2.000000,0.000000,1.000000,0.000000
50.110000,144.000000,4.304100,28.810000,27.000000,0.000000,3.000000,0.000000,2.000000,0.000000,0.000000,0.000000
47.780000,133.000000,4.104100,29.970000,20.000000,0.000000,11.000000,0.000000,1.000000,0.000000,0.000000,0.000000
47.370000,148.000000,4.069300,36.370000,26.000000,0.000000,6.000000,0.000000,0.000000,0.000000,0.000000,0.000000
45.560000,129.000000,3.913200,30.410000,18.000000,0.000000,13.000000,0.000000,1.000000,0.000000,0.000000,0.000000
43.940000,117.000000,3.774300,28.350000,15.000000,0.000000,13.000000,3.000000,1.000000,0.000000,0.000000,0.000000
43.350000,148.000000,3.723300,39.750000,27.000000,0.000000,4.000000,1.000000,0.000000,0.000000,0.000000,0.000000
43.230000,124.000000,3.713700,33.390000,19.000000,0.000000,8.000000,5.000000,0.000000,0.000000,0.000000,0.000000
42.260000,130.000000,3.629800,33.060000,18.000000,0.000000,13.000000,1.000000,0.000000,0.000000,1.000000,0.000000
42.230000,134.000000,3.627500,36.940000,21.000000,0.000000,9.000000,2.000000,0.000000,0.000000,0.000000,0.000000
42.150000,126.000000,3.620200,29.280000,18.000000,0.000000,12.000000,0.000000,2.000000,0.000000,0.000000,0.000000
41.640000,154.000000,3.576400,43.060000,29.000000,0.000000,3.000000,0.000000,0.000000,0.000000,0.000000,0.000000
40.890000,130.000000,3.512600,37.010000,20.000000,0.000000,9.000000,3.000000,0.000000,0.000000,0.000000,0.000000
39.510000,152.000000,3.393600,44.790000,28.000000,0.000000,4.000000,0.000000,0.000000,0.000000,0.000000,0.000000
36.690000,115.000000,3.151300,23.800000,16.000000,0.000000,11.000000,2.000000,3.000000,0.000000,1.000000,0.000000
36.450000,140.000000,3.130600,44.720000,22.000000,0.000000,10.000000,0.000000,0.000000,0.000000,0.000000,0.000000
36.240000,110.000000,3.113100,28.910000,13.000000,0.000000,14.000000,3.000000,2.000000,0.000000,0.000000,0.000000
34.540000,115.000000,2.966900,35.390000,14.000000,0.000000,14.000000,3.000000,1.000000,0.000000,0.000000,0.000000
34.310000,121.000000,2.946900,30.880000,19.000000,0.000000,8.000000,2.000000,3.000000,0.000000,0.000000,0.000000
30.750000,116.000000,2.641300,32.560000,16.000000,0.000000,11.000000,3.000000,2.000000,0.000000,1.000000,0.000000
29.220000,102.000000,2.509900,32.670000,13.000000,0.000000,10.000000,7.000000,2.000000,0.000000,0.000000,0.000000
15.790000,97.000000,1.356300,49.400000,10.000000,0.000000,14.000000,5.000000,3.000000,0.000000,0.000000,0.000000
12.590000,102.000000,1.081400,29.590000,13.000000,0.000000,12.000000,1.000000,6.000000,0.000000,1.000000,0.000000
100.000000,132.000000,6.451600,20.460000,21.000000,0.000000,9.000000,0.000000,0.000000,0.000000,0.000000,0.000000
98.460000,132.000000,6.352300,20.780000,22.000000,0.000000,7.000000,1.000000,0.000000,0.000000,0.000000,0.000000
97.710000,132.000000,6.303700,20.940000,21.000000,0.000000,9.000000,0.000000,0.000000,0.000000,0.000000,0.000000
97.050000,138.000000,6.261300,22.040000,24.000000,0.000000,6.000000,0.000000,0.000000,0.000000,0.000000,0.000000
96.530000,132.000000,6.227700,19.590000,22.000000,0.000000,7.000000,1.000000,0.000000,0.000000,1.000000,0.000000
94.250000,131.000000,6.080400,19.900000,22.000000,0.000000,7.000000,0.000000,1.000000,0.000000,0.000000,0.000000
93.160000,138.000000,6.010500,22.960000,25.000000,0.000000,4.000000,1.000000,0.000000,0.000000,0.000000,0.000000
92.650000,126.000000,5.977200,21.080000,22.000000,0.000000,4.000000,4.000000,0.000000,0.000000,0.000000,0.000000
92.140000,140.000000,5.944800,23.550000,25.000000,0.000000,5.000000,0.000000,0.000000,0.000000,0.000000,0.000000
89.140000,126.000000,5.750800,21.910000,21.000000,0.000000,6.000000,3.000000,0.000000,0.000000,0.000000,0.000000
88.190000,120.000000,5.689900,21.090000,17.000000,0.000000,11.000000,2.000000,0.000000,0.000000,0.000000,0.000000
87.770000,138.000000,5.662700,24.370000,24.000000,0.000000,6.000000,0.000000,0.000000,0.000000,0.000000,0.000000
86.650000,134.000000,5.590600,22.180000,23.000000,0.000000,6.000000,1.000000,0.000000,0.000000,1.000000,0.000000
84.970000,132.000000,5.481700,24.080000,21.000000,0.000000,9.000000,0.000000,0.000000,0.000000,0.000000,0.000000
83.590000,126.000000,5.392800,21.510000,19.000000,0.000000,10.000000,1.000000,0.000000,0.000000,1.000000,0.000000
83.450000,122.000000,5.383900,22.660000,19.000000,0.000000,8.000000,3.000000,0.000000,0.000000,0.000000,0.000000
83.080000,121.000000,5.359700,20.710000,19.000000,0.000000,8.000000,2.000000,1.000000,0.000000,0.000000,0.000000
82.790000,122.000000,5.341500,22.840000,20.000000,0.000000,6.000000,4.000000,0.000000,0.000000,0.000000,0.000000
82.780000,138.000000,5.340600,25.840000,24.000000,0.000000,6.000000,0.000000,0.000000,0.000000,0.000000,0.000000
82.630000,124.000000,5.331000,23.260000,21.000000,0.000000,5.000000,4.000000,0.000000,0.000000,0.000000,0.000000
82.480000,140.000000,5.321200,26.310000,26.000000,0.000000,3.000000,1.000000,0.000000,0.000000,0.000000,0.000000
82.180000,122.000000,5.302000,23.010000,18.000000,0.000000,10.000000,2.000000,0.000000,0.000000,0.000000,0.000000
82.120000,136.000000,5.298000,25.670000,23.000000,0.000000,7.000000,0.000000,0.000000,0.000000,0.000000,0.000000
81.880000,130.000000,5.282400,24.610000,22.000000,0.000000,6.000000,2.000000,0.000000,0.000000,0.000000,0.000000
81.650000,134.000000,5.267600,23.540000,23.000000,0.000000,6.000000,1.000000,0.000000,0.000000,1.000000,0.000000
81.160000,132.000000,5.236000,25.210000,21.000000,0.000000,9.000000,0.000000,0.000000,0.000000,0.000000,0.000000
80.230000,122.000000,5.176100,23.570000,19.000000,0.000000,8.000000,3.000000,0.000000,0.000000,0.000000,0.000000
80.050000,124.000000,5.164500,24.010000,20.000000,0.000000,7.000000,3.000000,0.000000,0.000000,0.000000,0.000000
79.660000,140.000000,5.139500,27.240000,26.000000,0.000000,3.000000,1.000000,0.000000,0.000000,0.000000,0.000000
78.270000,132.000000,5.049700,26.140000,23.000000,0.000000,5.000000,2.000000,0.000000,0.000000,0.000000,0.000000
77.630000,128.000000,5.008500,23.560000,22.000000,0.000000,5.000000,3.000000,0.000000,0.000000,1.000000,0.000000
77.070000,134.000000,4.972200,26.950000,23.000000,0.000000,6.000000,1.000000,0.000000,0.000000,0.000000,0.000000
76.340000,135.000000,4.925100,25.380000,25.000000,0.000000,3.000000,1.000000,1.000000,0.000000,0.000000,0.000000
73.450000,125.000000,4.738400,24.270000,20.000000,0.000000,8.000000,1.000000,1.000000,0.000000,0.000000,0.000000
72.680000,126.000000,4.689200,26.870000,20.000000,0.000000,8.000000,2.000000,0.000000,0.000000,0.000000,0.000000
72.500000,118.000000,4.677300,23.090000,17.000000,0.000000,10.000000,3.000000,0.000000,0.000000,1.000000,0.000000
71.570000,138.000000,4.617600,27.720000,25.000000,0.000000,4.000000,1.000000,0.000000,0.000000,1.000000,0.000000
69.950000,126.000000,4.512900,27.920000,20.000000,0.000000,8.000000,2.000000,0.000000,0.000000,0.000000,0.000000
69.690000,135.000000,4.496400,27.800000,24.000000,0.000000,5.000000,0.000000,1.000000,0.000000,0.000000,0.000000
69.270000,138.000000,4.468900,30.880000,25.000000,0.000000,4.000000,1.000000,0.000000,0.000000,0.000000,0.000000
69.070000,118.000000,4.456200,26.480000,16.000000,0.000000,12.000000,2.000000,0.000000,0.000000,0.000000,0.000000
69.020000,135.000000,4.453200,28.070000,24.000000,0.000000,5.000000,0.000000,1.000000,0.000000,0.000000,0.000000
68.770000,123.000000,4.436600,25.470000,20.000000,0.000000,7.000000,2.000000,1.000000,0.000000,0.000000,0.000000
67.580000,110.000000,4.359900,25.230000,14.000000,0.000000,12.000000,4.000000,0.000000,0.000000,0.000000,0.000000
67.390000,125.000000,4.347800,26.450000,21.000000,0.000000,6.000000,2.000000,1.000000,0.000000,0.000000,0.000000
64.800000,123.000000,4.180500,27.030000,19.000000,0.000000,9.000000,1.000000,1.000000,0.000000,0.000000,0.000000
64.330000,116.000000,4.150400,25.540000,18.000000,0.000000,7.000000,5.000000,0.000000,0.000000,1.000000,0.000000
63.710000,124.000000,4.110000,30.170000,19.000000,0.000000,9.000000,2.000000,0.000000,0.000000,0.000000,0.000000
61.600000,116.000000,3.974100,21.640000,20.000000,0.000000,4.000000,4.000000,2.000000,0.000000,0.000000,1.000000
58.940000,138.000000,3.802700,36.290000,25.000000,0.000000,4.000000,1.000000,0.000000,0.000000,0.000000,0.000000
58.940000,130.000000,3.802300,34.190000,22.000000,0.000000,6.000000,2.000000,0.000000,0.000000,0.000000,0.000000
57.510000,108.000000,3.710100,29.110000,13.000000,0.000000,13.000000,4.000000,0.000000,0.000000,0.000000,0.000000
56.540000,121.000000,3.647700,30.430000,19.000000,0.000000,8.000000,2.000000,1.000000,0.000000,0.000000,0.000000
55.760000,124.000000,3.597300,34.470000,17.000000,0.000000,13.000000,0.000000,0.000000,0.000000,0.000000,0.000000
55.390000,127.000000,3.573600,32.740000,22.000000,0.000000,5.000000,2.000000,1.000000,0.000000,0.000000,0.000000
54.780000,126.000000,3.534400,32.820000,21.000000,0.000000,6.000000,3.000000,0.000000,0.000000,1.000000,0.000000
54.040000,127.000000,3.486700,27.820000,22.000000,0.000000,5.000000,2.000000,1.000000,0.000000,2.000000,0.000000
54.010000,122.000000,3.484800,26.400000,22.000000,0.000000,3.000000,3.000000,2.000000,0.000000,0.000000,1.000000
52.850000,120.000000,3.409800,32.260000,16.000000,0.000000,13.000000,1.000000,0.000000,0.000000,1.000000,0.000000
51.960000,120.000000,3.352000,35.800000,18.000000,0.000000,9.000000,3.000000,0.000000,0.000000,0.000000,0.000000
51.320000,124.000000,3.311000,28.390000,21.000000,0.000000,6.000000,1.000000,2.000000,0.000000,0.000000,1.000000
47.110000,111.000000,3.039400,29.940000,17.000000,0.000000,7.000000,5.000000,1.000000,0.000000,1.000000,0.000000
44.520000,112.000000,2.872200,28.550000,17.000000,0.000000,8.000000,3.000000,2.000000,0.000000,1.000000,0.000000
44.410000,104.000000,2.864900,29.320000,11.000000,0.000000,15.000000,4.000000,0.000000,0.000000,2.000000,0.000000
43.800000,138.000000,2.825600,48.840000,25.000000,0.000000,4.000000,1.000000,0.000000,0.000000,0.000000,0.000000
43.280000,123.000000,2.792100,36.890000,19.000000,0.000000,9.000000,1.000000,1.000000,0.000000,1.000000,0.000000
41.880000,109.000000,2.701900,32.940000,16.000000,0.000000,8.000000,5.000000,1.000000,0.000000,1.000000,0.000000
40.870000,100.000000,2.636500,26.550000,11.000000,0.000000,14.000000,3.000000,2.000000,0.000000,1.000000,0.000000
37.510000,104.000000,2.420100,34.710000,14.000000,0.000000,10.000000,4.000000,2.000000,0.000000,0.000000,0.000000
36.780000,111.000000,2.372600,25.710000,16.000000,0.000000,10.000000,1.000000,3.000000,0.000000,1.000000,1.000000
33.360000,103.000000,2.152100,33.920000,15.000000,0.000000,8.000000,4.000000,3.000000,0.000000,0.000000,0.000000
31.090000,110.000000,2.005500,39.890000,16.000000,0.000000,9.000000,3.000000,2.000000,0.000000,0.000000,1.000000
29.430000,120.000000,1.898900,42.130000,19.000000,0.000000,8.000000,1.000000,2.000000,0.000000,1.000000,1.000000
26.840000,124.000000,1.731600,48.510000,20.000000,0.000000,8.000000,0.000000,2.000000,0.000000,2.000000,0.000000
21.590000,117.000000,1.393200,48.090000,18.000000,0.000000,9.000000,0.000000,3.000000,0.000000,2.000000,0.000000
100.000000,178.000000,9.285300,19.170000,32.000000,0.000000,6.000000,0.000000,0.000000,0.000000,0.000000,0.000000
87.080000,174.000000,8.085500,21.520000,30.000000,0.000000,8.000000,0.000000,0.000000,0.000000,0.000000,0.000000
82.590000,172.000000,7.668300,22.430000,29.000000,0.000000,9.000000,0.000000,0.000000,0.000000,0.000000,0.000000
77.460000,176.000000,7.192500,24.470000,31.000000,0.000000,7.000000,0.000000,0.000000,0.000000,0.000000,0.000000
77.210000,174.000000,7.169300,24.270000,31.000000,0.000000,6.000000,1.000000,0.000000,0.000000,0.000000,0.000000
76.640000,174.000000,7.116600,24.450000,31.000000,0.000000,6.000000,1.000000,0.000000,0.000000,0.000000,0.000000
75.270000,182.000000,6.989000,24.610000,34.000000,0.000000,4.000000,0.000000,0.000000,0.000000,1.000000,0.000000
75.060000,184.000000,6.969700,26.400000,35.000000,0.000000,3.000000,0.000000,0.000000,0.000000,0.000000,0.000000
74.580000,182.000000,6.925400,26.280000,34.000000,0.000000,4.000000,0.000000,0.000000,0.000000,0.000000,0.000000
74.390000,184.000000,6.906900,26.640000,35.000000,0.000000,3.000000,0.000000,0.000000,0.000000,0.000000,0.000000
74.220000,178.000000,6.891200,25.830000,32.000000,0.000000,6.000000,0.000000,0.000000,0.000000,0.000000,0.000000
73.980000,175.000000,6.869300,24.020000,32.000000,0.000000,5.000000,0.000000,1.000000,0.000000,0.000000,0.000000
72.570000,170.000000,6.738000,25.230000,29.000000,0.000000,8.000000,1.000000,0.000000,0.000000,0.000000,0.000000
72.570000,180.000000,6.738000,25.230000,33.000000,0.000000,5.000000,0.000000,0.000000,0.000000,1.000000,0.000000
71.800000,165.000000,6.666700,21.750000,27.000000,0.000000,10.000000,0.000000,1.000000,0.000000,1.000000,0.000000
70.790000,168.000000,6.572800,25.560000,28.000000,0.000000,9.000000,1.000000,0.000000,0.000000,0.000000,0.000000
70.510000,168.000000,6.547200,25.660000,27.000000,0.000000,11.000000,0.000000,0.000000,0.000000,0.000000,0.000000
70.400000,184.000000,6.536500,25.090000,35.000000,0.000000,3.000000,0.000000,0.000000,0.000000,2.000000,0.000000
70.400000,184.000000,6.536400,28.150000,35.000000,0.000000,3.000000,0.000000,0.000000,0.000000,0.000000,0.000000
70.150000,170.000000,6.513400,26.100000,28.000000,0.000000,10.000000,0.000000,0.000000,0.000000,0.000000,0.000000
70.070000,164.000000,6.506100,23.670000,26.000000,0.000000,11.000000,1.000000,0.000000,0.000000,1.000000,0.000000
69.670000,164.000000,6.469400,25.350000,26.000000,0.000000,11.000000,1.000000,0.000000,0.000000,0.000000,0.000000
68.300000,186.000000,6.341600,29.330000,36.000000,0.000000,2.000000,0.000000,0.000000,0.000000,0.000000,0.000000
68.000000,175.000000,6.313600,24.550000,32.000000,0.000000,5.000000,0.000000,1.000000,0.000000,1.000000,0.000000
67.250000,167.000000,6.244700,23.540000,29.000000,0.000000,7.000000,1.000000,1.000000,0.000000,1.000000,0.000000
65.780000,173.000000,6.107800,25.050000,31.000000,0.000000,6.000000,0.000000,1.000000,0.000000,1.000000,0.000000
65.620000,172.000000,6.092800,28.230000,29.000000,0.000000,9.000000,0.000000,0.000000,0.000000,0.000000,0.000000
65.450000,174.000000,6.077300,25.340000,30.000000,0.000000,8.000000,0.000000,0.000000,0.000000,2.000000,0.000000
64.520000,178.000000,5.991200,29.710000,32.000000,0.000000,6.000000,0.000000,0.000000,0.000000,0.000000,0.000000
63.670000,162.000000,5.912100,25.710000,24.000000,0.000000,14.000000,0.000000,0.000000,0.000000,1.000000,0.000000
62.790000,172.000000,5.830500,29.500000,29.000000,0.000000,9.000000,0.000000,0.000000,0.000000,0.000000,0.000000
58.700000,168.000000,5.450200,25.320000,30.000000,0.000000,6.000000,0.000000,2.000000,0.000000,1.000000,0.000000
58.410000,174.000000,5.423900,32.080000,31.000000,0.000000,6.000000,1.000000,0.000000,0.000000,0.000000,0.000000
57.560000,165.000000,5.344800,29.000000,27.000000,0.000000,10.000000,0.000000,1.000000,0.000000,0.000000,0.000000
57.390000,176.000000,5.329100,31.150000,32.000000,0.000000,5.000000,1.000000,0.000000,0.000000,0.000000,1.000000
57.050000,173.000000,5.297400,30.770000,31.000000,0.000000,6.000000,0.000000,1.000000,0.000000,0.000000,0.000000
56.130000,169.000000,5.211400,30.510000,29.000000,0.000000,8.000000,0.000000,1.000000,0.000000,0.000000,0.000000
54.700000,164.000000,5.079200,30.320000,26.000000,0.000000,11.000000,1.000000,0.000000,0.000000,1.000000,0.000000
54.030000,176.000000,5.017100,35.080000,31.000000,0.000000,7.000000,0.000000,0.000000,0.000000,0.000000,0.000000
53.990000,172.000000,5.013100,34.310000,30.000000,0.000000,7.000000,1.000000,0.000000,0.000000,0.000000,0.000000
53.890000,167.000000,5.003400,29.380000,28.000000,0.000000,9.000000,0.000000,1.000000,0.000000,1.000000,0.000000
53.780000,177.000000,4.994000,33.440000,35.000000,0.000000,0.000000,2.000000,1.000000,0.000000,0.000000,0.000000
53.010000,159.000000,4.922100,28.240000,26.000000,0.000000,9.000000,2.000000,1.000000,0.000000,1.000000,0.000000
52.160000,176.000000,4.843100,36.340000,31.000000,0.000000,7.000000,0.000000,0.000000,0.000000,0.000000,0.000000
51.500000,156.000000,4.782200,30.530000,21.000000,0.000000,17.000000,0.000000,0.000000,0.000000,1.000000,0.000000
50.280000,161.000000,4.669100,32.340000,26.000000,0.000000,10.000000,1.000000,1.000000,0.000000,0.000000,0.000000
49.640000,172.000000,4.608900,30.810000,32.000000,0.000000,4.000000,0.000000,2.000000,0.000000,0.000000,1.000000
48.760000,171.000000,4.527900,31.140000,30.000000,0.000000,7.000000,0.000000,1.000000,0.000000,2.000000,0.000000
48.060000,166.000000,4.462100,32.720000,26.000000,0.000000,12.000000,0.000000,0.000000,0.000000,2.000000,0.000000
46.740000,181.000000,4.340300,34.790000,35.000000,0.000000,2.000000,0.000000,1.000000,0.000000,2.000000,0.000000
45.970000,155.000000,4.268500,33.970000,23.000000,0.000000,13.000000,1.000000,1.000000,0.000000,0.000000,0.000000
45.630000,168.000000,4.237000,30.210000,30.000000,0.000000,6.000000,0.000000,2.000000,0.000000,1.000000,1.000000
45.330000,162.000000,4.208700,33.740000,28.000000,0.000000,7.000000,1.000000,2.000000,0.000000,0.000000,0.000000
44.630000,173.000000,4.144100,36.920000,31.000000,0.000000,6.000000,0.000000,1.000000,0.000000,1.000000,0.000000
44.150000,145.000000,4.099700,30.490000,21.000000,0.000000,12.000000,4.000000,1.000000,0.000000,1.000000,0.000000
42.010000,186.000000,3.901000,47.680000,36.000000,0.000000,2.000000,0.000000,0.000000,0.000000,0.000000,0.000000
40.810000,173.000000,3.788900,43.020000,31.000000,0.000000,6.000000,0.000000,1.000000,0.000000,0.000000,0.000000
40.190000,161.000000,3.732100,37.780000,25.000000,0.000000,12.000000,0.000000,1.000000,0.000000,1.000000,0.000000
38.960000,168.000000,3.617600,27.090000,33.000000,0.000000,1.000000,0.000000,4.000000,0.000000,2.000000,1.000000
38.710000,174.000000,3.594300,48.410000,30.000000,0.000000,8.000000,0.000000,0.000000,0.000000,0.000000,0.000000
38.660000,153.000000,3.589400,39.840000,22.000000,0.000000,14.000000,1.000000,1.000000,0.000000,0.000000,0.000000
38.370000,170.000000,3.562400,47.720000,29.000000,0.000000,8.000000,1.000000,0.000000,0.000000,0.000000,0.000000
37.940000,184.000000,3.522900,52.230000,35.000000,0.000000,3.000000,0.000000,0.000000,0.000000,0.000000,0.000000
37.850000,156.000000,3.514300,44.390000,23.000000,0.000000,13.000000,2.000000,0.000000,0.000000,0.000000,0.000000
37.650000,186.000000,3.496200,47.480000,36.000000,0.000000,2.000000,0.000000,0.000000,0.000000,2.000000,0.000000
36.900000,190.000000,3.426100,46.700000,38.000000,0.000000,0.000000,0.000000,0.000000,0.000000,3.000000,0.000000
36.580000,159.000000,3.396900,40.920000,25.000000,0.000000,11.000000,1.000000,1.000000,0.000000,1.000000,0.000000
36.470000,173.000000,3.385900,39.280000,31.000000,0.000000,6.000000,0.000000,1.000000,0.000000,3.000000,0.000000
35.640000,160.000000,3.309200,48.350000,23.000000,0.000000,15.000000,0.000000,0.000000,0.000000,0.000000,0.000000
35.080000,149.000000,3.257600,33.460000,22.000000,0.000000,13.000000,0.000000,3.000000,0.000000,1.000000,0.000000
34.590000,164.000000,3.211700,47.950000,25.000000,0.000000,13.000000,0.000000,0.000000,0.000000,1.000000,0.000000
34.230000,167.000000,3.178400,46.250000,28.000000,0.000000,9.000000,0.000000,1.000000,0.000000,1.000000,0.000000
29.320000,175.000000,2.722500,53.260000,33.000000,0.000000,3.000000,1.000000,1.000000,0.000000,1.000000,1.000000
26.660000,157.000000,2.475100,39.190000,26.000000,0.000000,9.000000,0.000000,3.000000,0.000000,3.000000,0.000000
25.350000,142.000000,2.354000,43.330000,19.000000,0.000000,15.000000,2.000000,2.000000,0.000000,2.000000,0.000000
8.900000,139.000000,0.826700,59.270000,23.000000,0.000000,8.000000,0.000000,7.000000,0.000000,2.000000,0.000000
