%psbl,StagePoints,HF,Time,A,B,C,D,M,NPM,NS,Proc
100.000000,190.000000,175.000000,8.748700,18.860000,32.000000,0.000000,5.000000,0.000000,1.000000,0.000000,0.000000,0.000000
97.330000,184.920300,176.000000,8.514800,20.670000,31.000000,0.000000,7.000000,0.000000,0.000000,0.000000,0.000000,0.000000
96.550000,183.445700,186.000000,8.446900,22.020000,36.000000,0.000000,2.000000,0.000000,0.000000,0.000000,0.000000,0.000000
96.040000,182.481400,172.000000,8.402500,20.470000,30.000000,0.000000,7.000000,1.000000,0.000000,0.000000,0.000000,0.000000
93.190000,177.062900,162.000000,8.153000,19.870000,24.000000,0.000000,14.000000,0.000000,0.000000,0.000000,0.000000,0.000000
91.190000,173.255800,172.000000,7.977700,21.560000,29.000000,0.000000,9.000000,0.000000,0.000000,0.000000,0.000000,0.000000
90.100000,171.181800,166.000000,7.882200,21.060000,27.000000,0.000000,10.000000,1.000000,0.000000,0.000000,0.000000,0.000000
89.390000,169.835300,174.000000,7.820200,22.250000,30.000000,0.000000,8.000000,0.000000,0.000000,0.000000,0.000000,0.000000
89.290000,169.652900,176.000000,7.811800,22.530000,31.000000,0.000000,7.000000,0.000000,0.000000,0.000000,0.000000,0.000000
89.190000,169.463900,168.000000,7.803100,21.530000,28.000000,0.000000,9.000000,1.000000,0.000000,0.000000,0.000000,0.000000
88.830000,168.769000,182.000000,7.771100,23.420000,34.000000,0.000000,4.000000,0.000000,0.000000,0.000000,0.000000,0.000000
88.080000,167.350800,176.000000,7.705800,22.840000,31.000000,0.000000,7.000000,0.000000,0.000000,0.000000,0.000000,0.000000
87.360000,165.993500,180.000000,7.643300,23.550000,33.000000,0.000000,5.000000,0.000000,0.000000,0.000000,0.000000,0.000000
87.240000,165.754600,176.000000,7.632300,23.060000,31.000000,0.000000,7.000000,0.000000,0.000000,0.000000,0.000000,0.000000
87.110000,165.515700,190.000000,7.621300,24.930000,38.000000,0.000000,0.000000,0.000000,0.000000,0.000000,0.000000,0.000000
86.960000,165.222500,180.000000,7.607800,23.660000,33.000000,0.000000,5.000000,0.000000,0.000000,0.000000,0.000000,0.000000
84.220000,160.023300,168.000000,7.368400,22.800000,28.000000,0.000000,9.000000,1.000000,0.000000,0.000000,0.000000,0.000000
83.130000,157.945000,158.000000,7.272700,20.350000,25.000000,0.000000,10.000000,3.000000,0.000000,1.000000,0.000000,0.000000
82.770000,157.260900,184.000000,7.241200,25.410000,36.000000,0.000000,1.000000,1.000000,0.000000,0.000000,0.000000,0.000000
81.920000,155.647200,170.000000,7.166900,23.720000,30.000000,0.000000,6.000000,2.000000,0.000000,0.000000,0.000000,0.000000
81.190000,154.261700,166.000000,7.103100,23.370000,27.000000,0.000000,10.000000,1.000000,0.000000,0.000000,0.000000,0.000000
78.710000,149.546800,180.000000,6.886000,26.140000,33.000000,0.000000,5.000000,0.000000,0.000000,0.000000,0.000000,0.000000
78.340000,148.843100,174.000000,6.853600,22.470000,33.000000,0.000000,3.000000,0.000000,2.000000,0.000000,0.000000,0.000000
78.030000,148.265500,176.000000,6.827000,25.780000,32.000000,0.000000,5.000000,1.000000,0.000000,0.000000,0.000000,0.000000
77.690000,147.613900,163.000000,6.797000,22.510000,26.000000,0.000000,11.000000,0.000000,1.000000,0.000000,0.000000,0.000000
77.250000,146.773500,172.000000,6.758300,25.450000,29.000000,0.000000,9.000000,0.000000,0.000000,0.000000,0.000000,0.000000
76.440000,145.238000,170.000000,6.687600,25.420000,28.000000,0.000000,10.000000,0.000000,0.000000,0.000000,0.000000,0.000000
74.290000,141.142100,168.000000,6.499000,25.850000,27.000000,0.000000,11.000000,0.000000,0.000000,0.000000,0.000000,0.000000
73.990000,140.581800,174.000000,6.473200,26.880000,31.000000,0.000000,6.000000,1.000000,0.000000,0.000000,0.000000,0.000000
72.780000,138.286300,166.000000,6.367500,26.070000,26.000000,0.000000,12.000000,0.000000,0.000000,0.000000,0.000000,0.000000
69.980000,132.963300,163.000000,6.122400,24.990000,26.000000,0.000000,11.000000,0.000000,1.000000,0.000000,0.000000,0.000000
69.650000,132.342200,178.000000,6.093800,29.210000,32.000000,0.000000,6.000000,0.000000,0.000000,0.000000,0.000000,0.000000
69.140000,131.358400,182.000000,6.048500,30.090000,34.000000,0.000000,4.000000,0.000000,0.000000,0.000000,0.000000,0.000000
69.110000,131.304100,176.000000,6.046000,29.110000,31.000000,0.000000,7.000000,0.000000,0.000000,0.000000,0.000000,0.000000
68.610000,130.350700,168.000000,6.002100,27.990000,28.000000,0.000000,9.000000,1.000000,0.000000,0.000000,0.000000,0.000000
67.840000,128.895600,172.000000,5.935100,28.980000,29.000000,0.000000,9.000000,0.000000,0.000000,0.000000,0.000000,0.000000
67.170000,127.618600,172.000000,5.876300,29.270000,29.000000,0.000000,9.000000,0.000000,0.000000,0.000000,0.000000,0.000000
66.610000,126.550100,165.000000,5.827100,26.600000,29.000000,0.000000,6.000000,2.000000,1.000000,0.000000,0.000000,0.000000
66.030000,125.453400,180.000000,5.776600,31.160000,33.000000,0.000000,5.000000,0.000000,0.000000,0.000000,0.000000,0.000000
65.640000,124.715000,174.000000,5.742600,30.300000,31.000000,0.000000,6.000000,1.000000,0.000000,0.000000,0.000000,0.000000
63.160000,120.006600,186.000000,5.525800,33.660000,36.000000,0.000000,2.000000,0.000000,0.000000,0.000000,0.000000,0.000000
62.920000,119.557100,188.000000,5.505100,34.150000,37.000000,0.000000,1.000000,0.000000,0.000000,0.000000,0.000000,0.000000
61.610000,117.050900,186.000000,5.389700,34.510000,36.000000,0.000000,2.000000,0.000000,0.000000,0.000000,0.000000,0.000000
60.890000,115.682700,172.000000,5.326700,32.290000,29.000000,0.000000,9.000000,0.000000,0.000000,0.000000,0.000000,0.000000
56.900000,108.118500,184.000000,4.978400,36.960000,35.000000,0.000000,3.000000,0.000000,0.000000,0.000000,0.000000,0.000000
56.870000,108.046800,180.000000,4.975100,36.180000,33.000000,0.000000,5.000000,0.000000,0.000000,0.000000,0.000000,0.000000
55.860000,106.137800,156.000000,4.887200,31.920000,22.000000,0.000000,15.000000,1.000000,0.000000,0.000000,0.000000,0.000000
54.020000,102.639100,176.000000,4.726100,37.240000,32.000000,0.000000,5.000000,1.000000,0.000000,0.000000,0.000000,0.000000
52.470000,99.692100,178.000000,4.590400,34.420000,35.000000,0.000000,1.000000,0.000000,2.000000,0.000000,0.000000,0.000000
51.420000,97.689700,160.000000,4.498200,35.570000,25.000000,0.000000,11.000000,2.000000,0.000000,0.000000,0.000000,0.000000
50.420000,95.795900,171.000000,4.411000,36.500000,30.000000,0.000000,7.000000,0.000000,1.000000,0.000000,0.000000,0.000000
50.080000,95.150900,188.000000,4.381300,42.910000,37.000000,0.000000,1.000000,0.000000,0.000000,0.000000,0.000000,0.000000
43.520000,82.689400,140.000000,3.807500,36.770000,15.000000,0.000000,21.000000,2.000000,0.000000,0.000000,0.000000,0.000000
40.760000,77.436000,152.000000,3.565600,42.630000,21.000000,0.000000,15.000000,2.000000,0.000000,0.000000,0.000000,0.000000
39.990000,75.972200,158.000000,3.498200,36.590000,25.000000,0.000000,11.000000,0.000000,2.000000,0.000000,1.000000,0.000000
39.570000,75.179500,142.000000,3.461700,41.020000,19.000000,0.000000,14.000000,5.000000,0.000000,0.000000,0.000000,0.000000
33.120000,62.930800,157.000000,2.897700,50.730000,25.000000,0.000000,10.000000,2.000000,1.000000,0.000000,0.000000,0.000000
17.950000,34.113900,143.000000,1.570800,65.570000,18.000000,0.000000,17.000000,2.000000,1.000000,3.000000,0.000000,0.000000
100.000000,200.000000,186.000000,10.934700,17.010000,33.000000,0.000000,7.000000,0.000000,0.000000,0.000000,0.000000,0.000000
91.300000,182.609500,186.000000,9.983900,18.630000,33.000000,0.000000,7.000000,0.000000,0.000000,0.000000,0.000000,0.000000
90.310000,180.623200,190.000000,9.875300,19.240000,35.000000,0.000000,5.000000,0.000000,0.000000,0.000000,0.000000,0.000000
86.660000,173.325300,190.000000,9.476300,20.050000,35.000000,0.000000,5.000000,0.000000,0.000000,0.000000,0.000000,0.000000
86.220000,172.441900,178.000000,9.428000,18.880000,31.000000,0.000000,7.000000,2.000000,0.000000,0.000000,0.000000,0.000000
83.180000,166.354800,192.000000,9.095200,21.110000,36.000000,0.000000,4.000000,0.000000,0.000000,0.000000,0.000000,0.000000
82.480000,164.957400,182.000000,9.018800,20.180000,32.000000,0.000000,7.000000,1.000000,0.000000,0.000000,0.000000,0.000000
80.030000,160.062900,178.000000,8.751200,20.340000,31.000000,0.000000,7.000000,2.000000,0.000000,0.000000,0.000000,0.000000
80.000000,160.006200,174.000000,8.748100,19.890000,28.000000,0.000000,11.000000,1.000000,0.000000,0.000000,0.000000,0.000000
79.940000,159.887300,182.000000,8.741600,20.820000,32.000000,0.000000,7.000000,1.000000,0.000000,0.000000,0.000000,0.000000
77.040000,154.071000,181.000000,8.423600,20.300000,32.000000,0.000000,7.000000,0.000000,1.000000,0.000000,0.000000,0.000000
76.240000,152.488900,184.000000,8.337100,22.070000,32.000000,0.000000,8.000000,0.000000,0.000000,0.000000,0.000000,0.000000
76.000000,151.993200,178.000000,8.310000,21.420000,30.000000,0.000000,9.000000,1.000000,0.000000,0.000000,0.000000,0.000000
75.580000,151.161000,180.000000,8.264500,21.780000,31.000000,0.000000,8.000000,1.000000,0.000000,0.000000,0.000000,0.000000
74.860000,149.714200,166.000000,8.185400,20.280000,25.000000,0.000000,13.000000,2.000000,0.000000,0.000000,0.000000,0.000000
74.380000,148.754000,186.000000,8.132900,22.870000,33.000000,0.000000,7.000000,0.000000,0.000000,0.000000,0.000000,0.000000
74.000000,148.005900,176.000000,8.092000,21.750000,29.000000,0.000000,10.000000,1.000000,0.000000,0.000000,0.000000,0.000000
73.950000,147.896100,188.000000,8.086000,23.250000,34.000000,0.000000,6.000000,0.000000,0.000000,0.000000,0.000000,0.000000
73.890000,147.784600,186.000000,8.079900,23.020000,35.000000,0.000000,3.000000,2.000000,0.000000,0.000000,0.000000,0.000000
73.330000,146.650600,171.000000,8.017900,20.080000,27.000000,0.000000,12.000000,0.000000,1.000000,0.000000,0.000000,0.000000
72.810000,145.611700,180.000000,7.961100,22.610000,31.000000,0.000000,8.000000,1.000000,0.000000,0.000000,0.000000,0.000000
72.600000,145.198300,186.000000,7.938500,23.430000,33.000000,0.000000,7.000000,0.000000,0.000000,0.000000,0.000000,0.000000
71.950000,143.905200,179.000000,7.867800,21.480000,32.000000,0.000000,6.000000,1.000000,1.000000,0.000000,0.000000,0.000000
71.450000,142.906500,184.000000,7.813200,23.550000,32.000000,0.000000,8.000000,0.000000,0.000000,0.000000,0.000000,0.000000
69.960000,139.927000,196.000000,7.650300,25.620000,38.000000,0.000000,2.000000,0.000000,0.000000,0.000000,0.000000,0.000000
68.980000,137.955300,161.000000,7.542500,20.020000,26.000000,0.000000,9.000000,4.000000,1.000000,0.000000,0.000000,0.000000
68.650000,137.307800,169.000000,7.507100,21.180000,27.000000,0.000000,11.000000,1.000000,1.000000,0.000000,0.000000,0.000000
68.410000,136.825000,165.000000,7.480700,20.720000,26.000000,0.000000,11.000000,2.000000,1.000000,0.000000,0.000000,0.000000
68.390000,136.777400,196.000000,7.478100,26.210000,38.000000,0.000000,2.000000,0.000000,0.000000,0.000000,0.000000,0.000000
66.590000,133.183400,175.000000,7.281600,22.660000,29.000000,0.000000,10.000000,0.000000,1.000000,0.000000,0.000000,0.000000
65.690000,131.378100,192.000000,7.182900,26.730000,36.000000,0.000000,4.000000,0.000000,0.000000,0.000000,0.000000,0.000000
65.430000,130.869600,167.000000,7.155100,23.340000,27.000000,0.000000,10.000000,2.000000,0.000000,0.000000,0.000000,0.000000
65.350000,130.697700,182.000000,7.145700,25.470000,31.000000,0.000000,9.000000,0.000000,0.000000,0.000000,0.000000,0.000000
62.970000,125.938500,172.000000,6.885500,24.980000,27.000000,0.000000,12.000000,1.000000,0.000000,0.000000,0.000000,0.000000
61.790000,123.573600,176.000000,6.756200,26.050000,29.000000,0.000000,10.000000,1.000000,0.000000,0.000000,0.000000,0.000000
59.160000,118.327900,188.000000,6.469400,29.060000,34.000000,0.000000,6.000000,0.000000,0.000000,0.000000,0.000000,0.000000
58.410000,116.822600,198.000000,6.387100,31.000000,39.000000,0.000000,1.000000,0.000000,0.000000,0.000000,0.000000,0.000000
57.680000,115.368500,178.000000,6.307600,28.220000,29.000000,0.000000,11.000000,0.000000,0.000000,0.000000,0.000000,0.000000
57.430000,114.858200,172.000000,6.279700,27.390000,29.000000,0.000000,8.000000,3.000000,0.000000,0.000000,0.000000,0.000000
53.130000,106.261700,174.000000,5.809700,29.950000,29.000000,0.000000,9.000000,2.000000,0.000000,0.000000,0.000000,0.000000
51.410000,102.819500,162.000000,5.621500,25.260000,27.000000,0.000000,8.000000,3.000000,2.000000,0.000000,0.000000,0.000000
51.350000,102.709700,161.000000,5.615500,26.890000,25.000000,0.000000,11.000000,3.000000,1.000000,0.000000,0.000000,0.000000
50.850000,101.709200,178.000000,5.560800,32.010000,31.000000,0.000000,7.000000,2.000000,0.000000,0.000000,0.000000,0.000000
50.390000,100.776400,137.000000,5.509800,19.420000,18.000000,0.000000,14.000000,5.000000,3.000000,0.000000,0.000000,0.000000
48.760000,97.518900,167.000000,5.331700,23.820000,28.000000,0.000000,9.000000,0.000000,3.000000,0.000000,1.000000,0.000000
47.890000,95.774000,164.000000,5.236300,31.320000,25.000000,0.000000,12.000000,3.000000,0.000000,0.000000,0.000000,0.000000
47.190000,94.383900,160.000000,5.160300,27.130000,26.000000,0.000000,9.000000,3.000000,2.000000,0.000000,0.000000,0.000000
44.910000,89.826000,185.000000,4.911100,37.670000,34.000000,0.000000,5.000000,0.000000,0.000000,0.000000,0.000000,0.000000
43.770000,87.537800,180.000000,4.786000,37.610000,30.000000,0.000000,10.000000,0.000000,0.000000,0.000000,0.000000,0.000000
43.490000,86.987300,150.000000,4.755900,31.540000,19.000000,0.000000,17.000000,4.000000,0.000000,0.000000,0.000000,0.000000
40.180000,80.358900,184.000000,4.393500,41.880000,34.000000,0.000000,4.000000,2.000000,0.000000,0.000000,0.000000,0.000000
39.250000,78.498700,180.000000,4.291800,41.940000,33.000000,0.000000,4.000000,3.000000,0.000000,0.000000,0.000000,0.000000
34.340000,68.680400,168.000000,3.755000,44.740000,29.000000,0.000000,6.000000,5.000000,0.000000,0.000000,0.000000,0.000000
33.690000,67.370800,171.000000,3.683400,43.710000,29.000000,0.000000,8.000000,2.000000,1.000000,0.000000,0.000000,0.000000
30.820000,61.633100,173.000000,3.369700,51.340000,30.000000,0.000000,7.000000,2.000000,0.000000,0.000000,0.000000,0.000000
28.100000,56.200900,163.000000,3.072700,40.030000,28.000000,0.000000,7.000000,2.000000,3.000000,0.000000,1.000000,0.000000
22.560000,45.115100,154.000000,2.466600,58.380000,21.000000,0.000000,16.000000,1.000000,1.000000,0.000000,0.000000,0.000000
19.450000,38.901800,139.000000,2.126900,27.740000,22.000000,0.000000,9.000000,2.000000,6.000000,0.000000,2.000000,0.000000
100.000000,210.000000,194.000000,11.378300,17.050000,35.000000,0.000000,6.000000,1.000000,0.000000,0.000000,0.000000,0.000000
90.630000,190.325700,208.000000,10.312300,20.170000,41.000000,0.000000,1.000000,0.000000,0.000000,0.000000,0.000000,0.000000
88.270000,185.372100,206.000000,10.043900,20.510000,40.000000,0.000000,2.000000,0.000000,0.000000,0.000000,0.000000,0.000000
88.230000,185.289000,204.000000,10.039400,20.320000,39.000000,0.000000,3.000000,0.000000,0.000000,0.000000,0.000000,0.000000
87.020000,182.734700,200.000000,9.901000,20.200000,37.000000,0.000000,5.000000,0.000000,0.000000,0.000000,0.000000,0.000000
83.540000,175.442600,202.000000,9.505900,21.250000,38.000000,0.000000,4.000000,0.000000,0.000000,0.000000,0.000000,0.000000
82.130000,172.471200,204.000000,9.344900,20.760000,39.000000,0.000000,3.000000,0.000000,0.000000,1.000000,0.000000,0.000000
82.020000,172.246000,200.000000,9.332700,21.430000,37.000000,0.000000,5.000000,0.000000,0.000000,0.000000,0.000000,0.000000
80.900000,169.889200,198.000000,9.205000,21.510000,36.000000,0.000000,6.000000,0.000000,0.000000,0.000000,0.000000,0.000000
80.010000,168.019600,194.000000,9.103700,21.310000,34.000000,0.000000,8.000000,0.000000,0.000000,0.000000,0.000000,0.000000
79.210000,166.336400,188.000000,9.012500,20.860000,32.000000,0.000000,9.000000,1.000000,0.000000,0.000000,0.000000,0.000000
78.900000,165.695900,202.000000,8.977800,22.500000,38.000000,0.000000,4.000000,0.000000,0.000000,0.000000,0.000000,0.000000
78.380000,164.597800,202.000000,8.918300,22.650000,38.000000,0.000000,4.000000,0.000000,0.000000,0.000000,0.000000,0.000000
78.000000,163.793100,194.000000,8.874700,21.860000,34.000000,0.000000,8.000000,0.000000,0.000000,0.000000,0.000000,0.000000
77.950000,163.699000,204.000000,8.869600,23.000000,39.000000,0.000000,3.000000,0.000000,0.000000,0.000000,0.000000,0.000000
75.850000,159.289800,189.000000,8.630700,20.740000,33.000000,0.000000,8.000000,0.000000,1.000000,0.000000,0.000000,0.000000
75.650000,158.867100,196.000000,8.607800,22.770000,35.000000,0.000000,7.000000,0.000000,0.000000,0.000000,0.000000,0.000000
74.970000,157.433100,197.000000,8.530100,20.750000,37.000000,0.000000,4.000000,0.000000,1.000000,1.000000,0.000000,0.000000
74.900000,157.283600,192.000000,8.522000,22.530000,34.000000,0.000000,7.000000,1.000000,0.000000,0.000000,0.000000,0.000000
73.240000,153.800900,206.000000,8.333300,24.720000,40.000000,0.000000,2.000000,0.000000,0.000000,0.000000,0.000000,0.000000
72.520000,152.282000,192.000000,8.251000,23.270000,34.000000,0.000000,7.000000,1.000000,0.000000,0.000000,0.000000,0.000000
71.490000,150.137400,198.000000,8.134800,24.340000,36.000000,0.000000,6.000000,0.000000,0.000000,0.000000,0.000000,0.000000
69.590000,146.143400,194.000000,7.918400,24.500000,34.000000,0.000000,8.000000,0.000000,0.000000,0.000000,0.000000,0.000000
69.450000,145.840800,191.000000,7.902000,21.640000,34.000000,0.000000,7.000000,0.000000,1.000000,1.000000,0.000000,0.000000
69.240000,145.412600,182.000000,7.878800,23.100000,29.000000,0.000000,12.000000,1.000000,0.000000,0.000000,0.000000,0.000000
68.400000,143.633400,186.000000,7.782400,23.900000,30.000000,0.000000,12.000000,0.000000,0.000000,0.000000,0.000000,0.000000
68.350000,143.531900,198.000000,7.776900,25.460000,36.000000,0.000000,6.000000,0.000000,0.000000,0.000000,0.000000,0.000000
67.220000,141.171400,204.000000,7.649000,26.670000,39.000000,0.000000,3.000000,0.000000,0.000000,0.000000,0.000000,0.000000
66.230000,139.072900,192.000000,7.535300,25.480000,34.000000,0.000000,7.000000,1.000000,0.000000,0.000000,0.000000,0.000000
65.570000,137.692400,176.000000,7.460500,20.910000,29.000000,0.000000,10.000000,1.000000,2.000000,0.000000,0.000000,0.000000
65.400000,137.349100,208.000000,7.441900,27.950000,41.000000,0.000000,1.000000,0.000000,0.000000,0.000000,0.000000,0.000000
63.410000,133.154000,194.000000,7.214600,26.890000,34.000000,0.000000,8.000000,0.000000,0.000000,0.000000,0.000000,0.000000
62.460000,131.173600,200.000000,7.107300,28.140000,37.000000,0.000000,5.000000,0.000000,0.000000,0.000000,0.000000,0.000000
61.760000,129.695300,178.000000,7.027200,25.330000,27.000000,0.000000,14.000000,1.000000,0.000000,0.000000,0.000000,0.000000
60.160000,126.334400,202.000000,6.845100,29.510000,38.000000,0.000000,4.000000,0.000000,0.000000,0.000000,0.000000,0.000000
60.120000,126.249500,202.000000,6.840500,29.530000,38.000000,0.000000,4.000000,0.000000,0.000000,0.000000,0.000000,0.000000
59.100000,124.106800,194.000000,6.724400,28.850000,34.000000,0.000000,8.000000,0.000000,0.000000,0.000000,0.000000,0.000000
58.750000,123.374100,198.000000,6.684700,29.620000,36.000000,0.000000,6.000000,0.000000,0.000000,0.000000,0.000000,0.000000
58.630000,123.121200,204.000000,6.671000,30.580000,39.000000,0.000000,3.000000,0.000000,0.000000,0.000000,0.000000,0.000000
58.410000,122.661600,194.000000,6.646100,29.190000,34.000000,0.000000,8.000000,0.000000,0.000000,0.000000,0.000000,0.000000
56.080000,117.763400,197.000000,6.380700,27.740000,37.000000,0.000000,4.000000,0.000000,1.000000,1.000000,0.000000,0.000000
56.070000,117.741200,194.000000,6.379500,30.410000,35.000000,0.000000,6.000000,1.000000,0.000000,0.000000,0.000000,0.000000
54.110000,113.629200,202.000000,6.156700,32.810000,39.000000,0.000000,2.000000,1.000000,0.000000,0.000000,0.000000,0.000000
53.580000,112.523700,194.000000,6.096800,31.820000,35.000000,0.000000,6.000000,1.000000,0.000000,0.000000,0.000000,0.000000
52.560000,110.384600,185.000000,5.980900,29.260000,31.000000,0.000000,10.000000,0.000000,1.000000,0.000000,0.000000,0.000000
52.450000,110.139100,183.000000,5.967600,28.990000,31.000000,0.000000,9.000000,1.000000,1.000000,0.000000,0.000000,0.000000
52.290000,109.803200,188.000000,5.949400,31.600000,31.000000,0.000000,11.000000,0.000000,0.000000,0.000000,0.000000,0.000000
51.260000,107.653100,208.000000,5.832900,35.660000,41.000000,0.000000,1.000000,0.000000,0.000000,0.000000,0.000000,0.000000
47.640000,100.052800,206.000000,5.421100,38.000000,40.000000,0.000000,2.000000,0.000000,0.000000,0.000000,0.000000,0.000000
44.400000,93.249900,178.000000,5.052500,35.230000,28.000000,0.000000,12.000000,2.000000,0.000000,0.000000,0.000000,0.000000
44.020000,92.437800,206.000000,5.008500,41.130000,40.000000,0.000000,2.000000,0.000000,0.000000,0.000000,0.000000,0.000000
42.370000,88.968000,184.000000,4.820500,38.170000,30.000000,0.000000,11.000000,1.000000,0.000000,0.000000,0.000000,0.000000
38.540000,80.926700,190.000000,4.384800,36.490000,35.000000,0.000000,5.000000,0.000000,2.000000,0.000000,1.000000,0.000000
38.120000,80.042600,172.000000,4.336900,39.660000,23.000000,0.000000,19.000000,0.000000,0.000000,0.000000,0.000000,0.000000
36.860000,77.407100,181.000000,4.194100,28.850000,32.000000,0.000000,7.000000,0.000000,3.000000,2.000000,1.000000,0.000000
36.560000,76.785100,196.000000,4.160400,39.900000,38.000000,0.000000,2.000000,0.000000,2.000000,0.000000,1.000000,0.000000
34.390000,72.224600,204.000000,3.913300,52.130000,39.000000,0.000000,3.000000,0.000000,0.000000,0.000000,0.000000,0.000000
25.330000,53.198100,166.000000,2.882400,57.590000,22.000000,0.000000,18.000000,2.000000,0.000000,0.000000,0.000000,0.000000
100.000000,200.000000,192.000000,9.533300,20.140000,36.000000,0.000000,4.000000,0.000000,0.000000,0.000000,0.000000,0.000000
98.150000,196.295100,192.000000,9.356700,20.520000,36.000000,0.000000,4.000000,0.000000,0.000000,0.000000,0.000000,0.000000
88.640000,177.288000,186.000000,8.450700,22.010000,33.000000,0.000000,7.000000,0.000000,0.000000,0.000000,0.000000,0.000000
87.900000,175.792200,182.000000,8.379400,21.720000,31.000000,0.000000,9.000000,0.000000,0.000000,0.000000,0.000000,0.000000
87.530000,175.051700,194.000000,8.344100,23.250000,37.000000,0.000000,3.000000,0.000000,0.000000,0.000000,0.000000,0.000000
85.500000,170.994300,186.000000,8.150700,22.820000,33.000000,0.000000,7.000000,0.000000,0.000000,0.000000,0.000000,0.000000
85.210000,170.415300,190.000000,8.123100,23.390000,35.000000,0.000000,5.000000,0.000000,0.000000,0.000000,0.000000,0.000000
84.870000,169.741900,192.000000,8.091000,23.730000,36.000000,0.000000,4.000000,0.000000,0.000000,0.000000,0.000000,0.000000
84.500000,168.992900,198.000000,8.055300,24.580000,39.000000,0.000000,1.000000,0.000000,0.000000,0.000000,0.000000,0.000000
84.410000,168.827200,190.000000,8.047400,23.610000,35.000000,0.000000,5.000000,0.000000,0.000000,0.000000,0.000000,0.000000
83.440000,166.878200,196.000000,7.954500,24.640000,38.000000,0.000000,2.000000,0.000000,0.000000,0.000000,0.000000,0.000000
81.830000,163.653700,188.000000,7.800800,24.100000,34.000000,0.000000,6.000000,0.000000,0.000000,0.000000,0.000000,0.000000
80.400000,160.809000,196.000000,7.665200,25.570000,38.000000,0.000000,2.000000,0.000000,0.000000,0.000000,0.000000,0.000000
80.400000,160.798500,192.000000,7.664700,25.050000,36.000000,0.000000,4.000000,0.000000,0.000000,0.000000,0.000000,0.000000
80.210000,160.422900,194.000000,7.646800,25.370000,37.000000,0.000000,3.000000,0.000000,0.000000,0.000000,0.000000,0.000000
79.780000,159.554400,185.000000,7.605400,23.010000,34.000000,0.000000,5.000000,0.000000,1.000000,0.000000,0.000000,0.000000
78.800000,157.597100,186.000000,7.512100,24.760000,33.000000,0.000000,7.000000,0.000000,0.000000,0.000000,0.000000,0.000000
78.430000,156.852300,176.000000,7.476600,23.540000,28.000000,0.000000,12.000000,0.000000,0.000000,0.000000,0.000000,0.000000
76.280000,152.560000,195.000000,7.272000,25.440000,39.000000,0.000000,0.000000,0.000000,1.000000,0.000000,0.000000,0.000000
75.210000,150.415900,181.000000,7.169800,23.850000,32.000000,0.000000,7.000000,0.000000,1.000000,0.000000,0.000000,0.000000
75.180000,150.369800,186.000000,7.167600,25.950000,33.000000,0.000000,7.000000,0.000000,0.000000,0.000000,0.000000,0.000000
74.630000,149.257900,182.000000,7.114600,22.770000,34.000000,0.000000,4.000000,0.000000,2.000000,0.000000,0.000000,0.000000
73.910000,147.827100,187.000000,7.046400,23.700000,35.000000,0.000000,4.000000,0.000000,1.000000,1.000000,0.000000,0.000000
72.080000,144.166200,192.000000,6.871900,27.940000,36.000000,0.000000,4.000000,0.000000,0.000000,0.000000,0.000000,0.000000
72.070000,144.149500,186.000000,6.871100,27.070000,33.000000,0.000000,7.000000,0.000000,0.000000,0.000000,0.000000,0.000000
71.020000,142.041100,178.000000,6.770600,26.290000,29.000000,0.000000,11.000000,0.000000,0.000000,0.000000,0.000000,0.000000
70.330000,140.650100,178.000000,6.704300,26.550000,29.000000,0.000000,11.000000,0.000000,0.000000,0.000000,0.000000,0.000000
68.460000,136.926400,196.000000,6.526800,30.030000,38.000000,0.000000,2.000000,0.000000,0.000000,0.000000,0.000000,0.000000
68.410000,136.819400,184.000000,6.521700,26.680000,33.000000,0.000000,6.000000,1.000000,0.000000,1.000000,0.000000,0.000000
65.770000,131.532600,169.000000,6.269700,25.360000,27.000000,0.000000,11.000000,1.000000,1.000000,0.000000,0.000000,0.000000
65.450000,130.901200,188.000000,6.239600,30.130000,34.000000,0.000000,6.000000,0.000000,0.000000,0.000000,0.000000,0.000000
65.430000,130.861300,169.000000,6.237700,25.490000,26.000000,0.000000,13.000000,0.000000,1.000000,0.000000,0.000000,0.000000
65.230000,130.460600,198.000000,6.218600,31.840000,39.000000,0.000000,1.000000,0.000000,0.000000,0.000000,0.000000,0.000000
63.490000,126.976000,180.000000,6.052500,29.740000,30.000000,0.000000,10.000000,0.000000,0.000000,0.000000,0.000000,0.000000
63.090000,126.170400,188.000000,6.014100,31.260000,34.000000,0.000000,6.000000,0.000000,0.000000,0.000000,0.000000,0.000000
62.780000,125.568300,188.000000,5.985400,31.410000,34.000000,0.000000,6.000000,0.000000,0.000000,0.000000,0.000000,0.000000
62.450000,124.907400,196.000000,5.953900,31.240000,38.000000,0.000000,2.000000,0.000000,0.000000,1.000000,0.000000,0.000000
61.110000,122.220000,200.000000,5.825800,34.330000,40.000000,0.000000,0.000000,0.000000,0.000000,0.000000,0.000000,0.000000
60.110000,120.216500,194.000000,5.730300,32.110000,37.000000,0.000000,3.000000,0.000000,0.000000,1.000000,0.000000,0.000000
58.070000,116.138200,188.000000,5.535900,33.960000,34.000000,0.000000,6.000000,0.000000,0.000000,0.000000,0.000000,0.000000
57.260000,114.518600,174.000000,5.458700,26.380000,30.000000,0.000000,8.000000,0.000000,2.000000,1.000000,0.000000,0.000000
56.580000,113.165400,192.000000,5.394200,33.740000,36.000000,0.000000,4.000000,0.000000,0.000000,1.000000,0.000000,0.000000
56.450000,112.907400,198.000000,5.381900,36.790000,39.000000,0.000000,1.000000,0.000000,0.000000,0.000000,0.000000,0.000000
54.190000,108.380100,196.000000,5.166100,37.940000,38.000000,0.000000,2.000000,0.000000,0.000000,0.000000,0.000000,0.000000
53.380000,106.758400,179.000000,5.088800,33.210000,32.000000,0.000000,6.000000,1.000000,1.000000,0.000000,0.000000,0.000000
53.300000,106.596900,188.000000,5.081100,37.000000,34.000000,0.000000,6.000000,0.000000,0.000000,0.000000,0.000000,0.000000
53.080000,106.156300,198.000000,5.060100,39.130000,39.000000,0.000000,1.000000,0.000000,0.000000,0.000000,0.000000,0.000000
52.870000,105.740900,179.000000,5.040300,33.530000,32.000000,0.000000,6.000000,1.000000,1.000000,0.000000,0.000000,0.000000
52.860000,105.722000,192.000000,5.039400,38.100000,36.000000,0.000000,4.000000,0.000000,0.000000,0.000000,0.000000,0.000000
51.090000,102.187100,176.000000,4.870900,34.080000,28.000000,0.000000,12.000000,0.000000,0.000000,1.000000,0.000000,0.000000
49.720000,99.443000,166.000000,4.740100,35.020000,23.000000,0.000000,17.000000,0.000000,0.000000,0.000000,0.000000,0.000000
47.750000,95.492600,161.000000,4.551800,28.780000,26.000000,0.000000,10.000000,1.000000,3.000000,0.000000,0.000000,0.000000
47.690000,95.383600,184.000000,4.546600,40.470000,32.000000,0.000000,8.000000,0.000000,0.000000,0.000000,0.000000,0.000000
47.210000,94.416400,183.000000,4.500500,38.440000,34.000000,0.000000,4.000000,1.000000,1.000000,0.000000,0.000000,0.000000
43.470000,86.941600,192.000000,4.144200,46.330000,36.000000,0.000000,4.000000,0.000000,0.000000,0.000000,0.000000,0.000000
42.540000,85.082800,178.000000,4.055600,43.890000,29.000000,0.000000,11.000000,0.000000,0.000000,0.000000,0.000000,0.000000
39.900000,79.798200,200.000000,3.803700,52.580000,40.000000,0.000000,0.000000,0.000000,0.000000,0.000000,0.000000,0.000000
32.050000,64.105800,168.000000,3.055700,54.980000,27.000000,0.000000,10.000000,3.000000,0.000000,0.000000,0.000000,0.000000
100.000000,190.000000,174.000000,8.873000,19.610000,31.000000,0.000000,6.000000,1.000000,0.000000,0.000000,0.000000,0.000000
91.890000,174.597400,174.000000,8.153700,21.340000,30.000000,0.000000,8.000000,0.000000,0.000000,0.000000,0.000000,0.000000
89.930000,170.873700,190.000000,7.979800,23.810000,38.000000,0.000000,0.000000,0.000000,0.000000,0.000000,0.000000,0.000000
88.200000,167.573900,176.000000,7.825700,22.490000,31.000000,0.000000,7.000000,0.000000,0.000000,0.000000,0.000000,0.000000
86.880000,165.074900,178.000000,7.709000,23.090000,32.000000,0.000000,6.000000,0.000000,0.000000,0.000000,0.000000,0.000000
86.470000,164.286900,176.000000,7.672200,22.940000,31.000000,0.000000,7.000000,0.000000,0.000000,0.000000,0.000000,0.000000
85.920000,163.252700,173.000000,7.623900,21.380000,31.000000,0.000000,6.000000,0.000000,1.000000,0.000000,0.000000,0.000000
84.350000,160.274100,172.000000,7.484800,22.980000,29.000000,0.000000,9.000000,0.000000,0.000000,0.000000,0.000000,0.000000
84.260000,160.098500,176.000000,7.476600,23.540000,31.000000,0.000000,7.000000,0.000000,0.000000,0.000000,0.000000,0.000000
82.610000,156.955000,182.000000,7.329800,24.830000,34.000000,0.000000,4.000000,0.000000,0.000000,0.000000,0.000000,0.000000
80.430000,152.820100,175.000000,7.136700,23.120000,32.000000,0.000000,5.000000,0.000000,1.000000,0.000000,0.000000,0.000000
79.310000,150.698100,172.000000,7.037600,24.440000,30.000000,0.000000,7.000000,1.000000,0.000000,0.000000,0.000000,0.000000
79.060000,150.209900,180.000000,7.014800,25.660000,33.000000,0.000000,5.000000,0.000000,0.000000,0.000000,0.000000,0.000000
78.540000,149.220600,180.000000,6.968600,25.830000,33.000000,0.000000,5.000000,0.000000,0.000000,0.000000,0.000000,0.000000
75.620000,143.678800,166.000000,6.709800,24.740000,27.000000,0.000000,10.000000,1.000000,0.000000,0.000000,0.000000,0.000000
75.460000,143.381200,168.000000,6.695900,25.090000,28.000000,0.000000,9.000000,1.000000,0.000000,0.000000,0.000000,0.000000
74.740000,142.004300,164.000000,6.631600,24.730000,27.000000,0.000000,9.000000,2.000000,0.000000,0.000000,0.000000,0.000000
74.660000,141.854400,168.000000,6.624600,25.360000,28.000000,0.000000,9.000000,1.000000,0.000000,0.000000,0.000000,0.000000
74.020000,140.638100,186.000000,6.567800,28.320000,36.000000,0.000000,2.000000,0.000000,0.000000,0.000000,0.000000,0.000000
71.930000,136.663800,178.000000,6.382200,27.890000,32.000000,0.000000,6.000000,0.000000,0.000000,0.000000,0.000000,0.000000
71.860000,136.541800,177.000000,6.376500,26.190000,33.000000,0.000000,4.000000,0.000000,1.000000,0.000000,0.000000,0.000000
69.910000,132.828700,190.000000,6.203100,30.630000,38.000000,0.000000,0.000000,0.000000,0.000000,0.000000,0.000000,0.000000
69.160000,131.396100,165.000000,6.136200,25.260000,29.000000,0.000000,6.000000,2.000000,1.000000,0.000000,0.000000,0.000000
68.730000,130.578200,178.000000,6.098000,29.190000,32.000000,0.000000,6.000000,0.000000,0.000000,0.000000,0.000000,0.000000
68.700000,130.528900,178.000000,6.095700,25.920000,32.000000,0.000000,6.000000,0.000000,0.000000,2.000000,0.000000,0.000000
68.400000,129.955000,178.000000,6.068900,29.330000,33.000000,0.000000,4.000000,1.000000,0.000000,0.000000,0.000000,0.000000
68.370000,129.897200,173.000000,6.066200,26.870000,32.000000,0.000000,4.000000,1.000000,1.000000,0.000000,0.000000,0.000000
66.520000,126.383300,176.000000,5.902100,29.820000,32.000000,0.000000,5.000000,1.000000,0.000000,0.000000,0.000000,0.000000
66.320000,126.006400,173.000000,5.884500,27.700000,33.000000,0.000000,2.000000,2.000000,1.000000,0.000000,0.000000,0.000000
65.820000,125.066400,168.000000,5.840600,25.340000,31.000000,0.000000,4.000000,1.000000,2.000000,0.000000,0.000000,0.000000
65.200000,123.884400,172.000000,5.785400,29.730000,30.000000,0.000000,7.000000,1.000000,0.000000,0.000000,0.000000,0.000000
64.540000,122.627400,184.000000,5.726700,32.130000,35.000000,0.000000,3.000000,0.000000,0.000000,0.000000,0.000000,0.000000
64.500000,122.550300,177.000000,5.723100,29.180000,33.000000,0.000000,4.000000,0.000000,1.000000,0.000000,0.000000,0.000000
64.300000,122.169200,182.000000,5.705300,31.900000,34.000000,0.000000,4.000000,0.000000,0.000000,0.000000,0.000000,0.000000
63.910000,121.430400,164.000000,5.670800,28.920000,27.000000,0.000000,9.000000,2.000000,0.000000,0.000000,0.000000,0.000000
60.130000,114.237700,180.000000,5.334900,33.740000,34.000000,0.000000,3.000000,1.000000,0.000000,0.000000,0.000000,0.000000
60.100000,114.188400,182.000000,5.332600,34.130000,34.000000,0.000000,4.000000,0.000000,0.000000,0.000000,0.000000,0.000000
59.930000,113.858700,176.000000,5.317200,33.100000,31.000000,0.000000,7.000000,0.000000,0.000000,0.000000,0.000000,0.000000
59.700000,113.439000,186.000000,5.297600,35.110000,36.000000,0.000000,2.000000,0.000000,0.000000,0.000000,0.000000,0.000000
55.820000,106.057800,172.000000,4.952900,28.670000,32.000000,0.000000,4.000000,0.000000,2.000000,0.000000,1.000000,0.000000
55.480000,105.415400,182.000000,4.922900,36.970000,34.000000,0.000000,4.000000,0.000000,0.000000,0.000000,0.000000,0.000000
54.140000,102.865100,162.000000,4.803800,29.560000,28.000000,0.000000,7.000000,1.000000,2.000000,0.000000,0.000000,0.000000
53.770000,102.160600,161.000000,4.770900,31.650000,28.000000,0.000000,6.000000,3.000000,1.000000,0.000000,0.000000,0.000000
53.320000,101.310500,176.000000,4.731200,37.200000,31.000000,0.000000,7.000000,0.000000,0.000000,0.000000,0.000000,0.000000
53.240000,101.164900,174.000000,4.724400,36.830000,30.000000,0.000000,8.000000,0.000000,0.000000,0.000000,0.000000,0.000000
49.410000,93.880100,178.000000,4.384200,40.600000,32.000000,0.000000,6.000000,0.000000,0.000000,0.000000,0.000000,0.000000
48.410000,91.970000,155.000000,4.295000,33.760000,23.000000,0.000000,13.000000,1.000000,1.000000,0.000000,0.000000,0.000000
48.300000,91.762300,146.000000,4.285300,34.070000,19.000000,0.000000,16.000000,3.000000,0.000000,0.000000,0.000000,0.000000
47.030000,89.355500,168.000000,4.172900,40.260000,27.000000,0.000000,11.000000,0.000000,0.000000,0.000000,0.000000,0.000000
46.610000,88.554600,165.000000,4.135500,37.480000,28.000000,0.000000,8.000000,1.000000,1.000000,0.000000,0.000000,0.000000
46.090000,87.576000,184.000000,4.089800,44.990000,36.000000,0.000000,1.000000,1.000000,0.000000,0.000000,0.000000,0.000000
45.990000,87.389700,173.000000,4.081100,39.940000,31.000000,0.000000,6.000000,0.000000,1.000000,0.000000,0.000000,0.000000
45.160000,85.796600,177.000000,4.006700,41.680000,33.000000,0.000000,4.000000,0.000000,1.000000,0.000000,0.000000,0.000000
43.840000,83.293400,153.000000,3.889800,29.050000,24.000000,0.000000,11.000000,0.000000,3.000000,1.000000,0.000000,0.000000
42.100000,79.982900,180.000000,3.735200,48.190000,34.000000,0.000000,3.000000,1.000000,0.000000,0.000000,0.000000,0.000000
39.800000,75.616700,152.000000,3.531300,37.380000,24.000000,0.000000,10.000000,2.000000,2.000000,0.000000,0.000000,0.000000
35.760000,67.944300,165.000000,3.173000,48.850000,27.000000,0.000000,10.000000,0.000000,1.000000,0.000000,0.000000,0.000000
31.250000,59.374700,174.000000,2.772800,55.540000,33.000000,0.000000,3.000000,0.000000,2.000000,0.000000,0.000000,0.000000
100.000000,210.000000,190.000000,9.688900,19.610000,32.000000,0.000000,10.000000,0.000000,0.000000,0.000000,0.000000,0.000000
83.980000,176.359300,176.000000,8.136800,21.630000,29.000000,0.000000,9.000000,4.000000,0.000000,0.000000,0.000000,0.000000
81.950000,172.096000,185.000000,7.940100,22.040000,31.000000,0.000000,10.000000,0.000000,1.000000,0.000000,0.000000,0.000000
77.260000,162.249400,184.000000,7.485800,24.580000,31.000000,0.000000,9.000000,2.000000,0.000000,0.000000,0.000000,0.000000
75.620000,158.805300,182.000000,7.326900,24.840000,28.000000,0.000000,14.000000,0.000000,0.000000,0.000000,0.000000,0.000000
74.270000,155.963800,175.000000,7.195800,22.930000,28.000000,0.000000,11.000000,2.000000,1.000000,0.000000,0.000000,0.000000
74.210000,155.840300,173.000000,7.190100,22.670000,27.000000,0.000000,12.000000,2.000000,1.000000,0.000000,0.000000,0.000000
73.850000,155.088200,173.000000,7.155400,22.780000,27.000000,0.000000,12.000000,2.000000,1.000000,0.000000,0.000000,0.000000
72.580000,152.426600,184.000000,7.032600,23.320000,32.000000,0.000000,8.000000,0.000000,2.000000,0.000000,0.000000,0.000000
70.880000,148.856800,167.000000,6.867900,22.860000,25.000000,0.000000,13.000000,3.000000,1.000000,0.000000,0.000000,0.000000
69.950000,146.897500,173.000000,6.777500,24.050000,28.000000,0.000000,10.000000,3.000000,1.000000,0.000000,0.000000,0.000000
69.510000,145.980700,187.000000,6.735200,26.280000,33.000000,0.000000,7.000000,1.000000,1.000000,0.000000,0.000000,0.000000
68.700000,144.270600,181.000000,6.656300,25.690000,31.000000,0.000000,8.000000,2.000000,1.000000,0.000000,0.000000,0.000000
68.110000,143.033000,173.000000,6.599200,24.700000,26.000000,0.000000,14.000000,1.000000,1.000000,0.000000,0.000000,0.000000
67.130000,140.982600,182.000000,6.504600,27.980000,31.000000,0.000000,8.000000,3.000000,0.000000,0.000000,0.000000,0.000000
65.580000,137.711900,180.000000,6.353700,28.330000,28.000000,0.000000,13.000000,1.000000,0.000000,0.000000,0.000000,0.000000
62.690000,131.640900,180.000000,6.073600,27.990000,29.000000,0.000000,11.000000,2.000000,0.000000,1.000000,0.000000,0.000000
62.200000,130.615800,175.000000,6.026300,27.380000,26.000000,0.000000,15.000000,0.000000,1.000000,0.000000,0.000000,0.000000
62.020000,130.243000,198.000000,6.009100,32.950000,36.000000,0.000000,6.000000,0.000000,0.000000,0.000000,0.000000,0.000000
61.900000,129.998000,185.000000,5.997800,27.510000,31.000000,0.000000,10.000000,0.000000,1.000000,1.000000,0.000000,0.000000
61.640000,129.436700,169.000000,5.971900,24.950000,27.000000,0.000000,10.000000,4.000000,1.000000,1.000000,0.000000,0.000000
59.460000,124.856900,177.000000,5.760600,28.990000,30.000000,0.000000,8.000000,3.000000,1.000000,0.000000,0.000000,0.000000
57.240000,120.201300,178.000000,5.545800,28.490000,29.000000,0.000000,11.000000,0.000000,2.000000,0.000000,0.000000,0.000000
55.600000,116.757200,162.000000,5.386900,26.360000,24.000000,0.000000,13.000000,3.000000,2.000000,0.000000,0.000000,0.000000
53.620000,112.593600,160.000000,5.194800,30.800000,21.000000,0.000000,17.000000,4.000000,0.000000,0.000000,0.000000,0.000000
53.330000,111.993200,184.000000,5.167100,35.610000,29.000000,0.000000,13.000000,0.000000,0.000000,0.000000,0.000000,0.000000
52.750000,110.766400,188.000000,5.110500,34.830000,33.000000,0.000000,7.000000,2.000000,0.000000,1.000000,0.000000,0.000000
52.030000,109.264400,163.000000,5.041200,30.350000,24.000000,0.000000,13.000000,4.000000,1.000000,0.000000,0.000000,0.000000
49.950000,104.897000,160.000000,4.839700,33.060000,22.000000,0.000000,15.000000,5.000000,0.000000,0.000000,0.000000,0.000000
48.030000,100.859100,153.000000,4.653400,30.730000,18.000000,0.000000,20.000000,3.000000,1.000000,0.000000,0.000000,0.000000
47.850000,100.495000,165.000000,4.636600,33.430000,23.000000,0.000000,16.000000,2.000000,1.000000,0.000000,0.000000,0.000000
47.780000,100.343300,175.000000,4.629600,35.640000,28.000000,0.000000,11.000000,2.000000,1.000000,0.000000,0.000000,0.000000
46.320000,97.276400,173.000000,4.488100,34.090000,27.000000,0.000000,12.000000,2.000000,1.000000,1.000000,0.000000,0.000000
45.690000,95.941200,169.000000,4.426500,35.920000,24.000000,0.000000,16.000000,1.000000,1.000000,0.000000,0.000000,0.000000
44.920000,94.328700,186.000000,4.352100,40.440000,35.000000,0.000000,2.000000,5.000000,0.000000,1.000000,0.000000,0.000000
44.580000,93.626400,180.000000,4.319700,41.670000,30.000000,0.000000,9.000000,3.000000,0.000000,0.000000,0.000000,0.000000
44.450000,93.351200,175.000000,4.307000,38.310000,27.000000,0.000000,13.000000,1.000000,1.000000,0.000000,0.000000,0.000000
44.100000,92.607700,178.000000,4.272700,41.660000,28.000000,0.000000,12.000000,2.000000,0.000000,0.000000,0.000000,0.000000
43.780000,91.946700,153.000000,4.242200,24.280000,23.000000,0.000000,12.000000,2.000000,5.000000,0.000000,0.000000,0.000000
43.530000,91.422100,171.000000,4.218000,38.170000,27.000000,0.000000,11.000000,3.000000,1.000000,0.000000,0.000000,0.000000
43.530000,91.420000,157.000000,4.217900,30.110000,21.000000,0.000000,17.000000,1.000000,3.000000,0.000000,0.000000,0.000000
43.050000,90.405600,177.000000,4.171100,37.640000,29.000000,0.000000,10.000000,2.000000,1.000000,1.000000,0.000000,0.000000
41.970000,88.134200,160.000000,4.066300,31.970000,24.000000,0.000000,12.000000,4.000000,2.000000,1.000000,0.000000,0.000000
41.590000,87.336500,185.000000,4.029500,43.430000,31.000000,0.000000,10.000000,0.000000,1.000000,0.000000,0.000000,0.000000
38.850000,81.595000,162.000000,3.764600,37.720000,23.000000,0.000000,14.000000,5.000000,0.000000,2.000000,0.000000,0.000000
38.800000,81.478000,178.000000,3.759200,47.350000,28.000000,0.000000,12.000000,2.000000,0.000000,0.000000,0.000000,0.000000
36.420000,76.490700,146.000000,3.529100,32.870000,22.000000,0.000000,9.000000,9.000000,2.000000,1.000000,0.000000,0.000000
35.580000,74.709100,176.000000,3.446900,51.060000,29.000000,0.000000,9.000000,4.000000,0.000000,0.000000,0.000000,0.000000
35.420000,74.390500,187.000000,3.432200,51.570000,32.000000,0.000000,9.000000,0.000000,1.000000,0.000000,0.000000,0.000000
32.160000,67.545700,143.000000,3.116400,36.260000,17.000000,0.000000,18.000000,4.000000,3.000000,0.000000,0.000000,0.000000
31.740000,66.644100,141.000000,3.074800,36.100000,16.000000,0.000000,19.000000,4.000000,3.000000,0.000000,0.000000,0.000000
30.590000,64.242600,151.000000,2.964000,37.450000,21.000000,0.000000,14.000000,4.000000,3.000000,1.000000,0.000000,0.000000
28.120000,59.051600,158.000000,2.724500,43.310000,25.000000,0.000000,10.000000,3.000000,4.000000,0.000000,0.000000,0.000000
25.170000,52.854900,172.000000,2.438600,54.130000,30.000000,0.000000,6.000000,4.000000,2.000000,2.000000,0.000000,0.000000
22.850000,47.980400,165.000000,2.213700,70.020000,24.000000,0.000000,14.000000,3.000000,1.000000,0.000000,0.000000,0.000000
21.330000,44.787700,139.000000,2.066400,43.070000,17.000000,0.000000,17.000000,3.000000,5.000000,0.000000,0.000000,0.000000
18.560000,38.974700,166.000000,1.798200,70.070000,27.000000,0.000000,10.000000,1.000000,4.000000,0.000000,0.000000,0.000000
11.580000,24.322900,131.000000,1.122200,63.270000,15.000000,0.000000,16.000000,8.000000,3.000000,3.000000,0.000000,0.000000
100.000000,190.000000,186.000000,10.141800,18.340000,36.000000,0.000000,2.000000,0.000000,0.000000,0.000000,0.000000,0.000000
92.410000,175.572700,176.000000,9.371700,18.780000,31.000000,0.000000,7.000000,0.000000,0.000000,0.000000,0.000000,0.000000
89.460000,169.980500,186.000000,9.073200,20.500000,36.000000,0.000000,2.000000,0.000000,0.000000,0.000000,0.000000,0.000000
89.310000,169.684500,172.000000,9.057400,18.990000,29.000000,0.000000,9.000000,0.000000,0.000000,0.000000,0.000000,0.000000
88.960000,169.017500,178.000000,9.021800,19.730000,32.000000,0.000000,6.000000,0.000000,0.000000,0.000000,0.000000,0.000000
88.240000,167.649900,176.000000,8.948800,18.550000,31.000000,0.000000,7.000000,0.000000,0.000000,1.000000,0.000000,0.000000
87.780000,166.775000,180.000000,8.902100,20.220000,33.000000,0.000000,5.000000,0.000000,0.000000,0.000000,0.000000,0.000000
84.500000,160.551500,173.000000,8.569900,19.020000,31.000000,0.000000,6.000000,0.000000,1.000000,0.000000,0.000000,0.000000
83.960000,159.517300,180.000000,8.514700,21.140000,33.000000,0.000000,5.000000,0.000000,0.000000,0.000000,0.000000,0.000000
82.940000,157.578300,180.000000,8.411200,21.400000,33.000000,0.000000,5.000000,0.000000,0.000000,0.000000,0.000000,0.000000
82.090000,155.980300,186.000000,8.325900,22.340000,36.000000,0.000000,2.000000,0.000000,0.000000,0.000000,0.000000,0.000000
81.580000,154.993000,172.000000,8.273200,20.790000,30.000000,0.000000,7.000000,1.000000,0.000000,0.000000,0.000000,0.000000
81.020000,153.932600,176.000000,8.216600,21.420000,31.000000,0.000000,7.000000,0.000000,0.000000,0.000000,0.000000,0.000000
80.450000,152.861000,172.000000,8.159400,21.080000,29.000000,0.000000,9.000000,0.000000,0.000000,0.000000,0.000000,0.000000
78.510000,149.172200,170.000000,7.962500,21.350000,28.000000,0.000000,10.000000,0.000000,0.000000,0.000000,0.000000,0.000000
75.810000,144.033400,153.000000,7.688200,18.600000,23.000000,0.000000,12.000000,2.000000,1.000000,0.000000,0.000000,0.000000
75.620000,143.670000,176.000000,7.668800,22.950000,32.000000,0.000000,5.000000,1.000000,0.000000,0.000000,0.000000,0.000000
73.930000,140.470100,184.000000,7.498000,24.540000,35.000000,0.000000,3.000000,0.000000,0.000000,0.000000,0.000000,0.000000
73.840000,140.297800,177.000000,7.488800,22.300000,33.000000,0.000000,4.000000,0.000000,1.000000,0.000000,0.000000,0.000000
73.380000,139.426600,174.000000,7.442300,23.380000,30.000000,0.000000,8.000000,0.000000,0.000000,0.000000,0.000000,0.000000
73.330000,139.325500,168.000000,7.436900,22.590000,27.000000,0.000000,11.000000,0.000000,0.000000,0.000000,0.000000,0.000000
72.950000,138.606100,184.000000,7.398500,24.870000,35.000000,0.000000,3.000000,0.000000,0.000000,0.000000,0.000000,0.000000
70.580000,134.098600,170.000000,7.157900,23.750000,28.000000,0.000000,10.000000,0.000000,0.000000,0.000000,0.000000,0.000000
70.460000,133.877500,168.000000,7.146100,22.110000,27.000000,0.000000,11.000000,0.000000,0.000000,1.000000,0.000000,0.000000
69.300000,131.661200,167.000000,7.027800,22.340000,28.000000,0.000000,9.000000,0.000000,1.000000,0.000000,0.000000,0.000000
68.760000,130.640200,188.000000,6.973300,26.960000,37.000000,0.000000,1.000000,0.000000,0.000000,0.000000,0.000000,0.000000
68.300000,129.769100,174.000000,6.926800,25.120000,30.000000,0.000000,8.000000,0.000000,0.000000,0.000000,0.000000,0.000000
66.530000,126.410000,178.000000,6.747500,26.380000,32.000000,0.000000,6.000000,0.000000,0.000000,0.000000,0.000000,0.000000
63.990000,121.587800,157.000000,6.490100,22.650000,24.000000,0.000000,12.000000,1.000000,1.000000,0.000000,0.000000,0.000000
63.660000,120.962100,174.000000,6.456700,25.400000,30.000000,0.000000,8.000000,0.000000,0.000000,1.000000,0.000000,0.000000
62.800000,119.317200,164.000000,6.368900,25.750000,26.000000,0.000000,11.000000,1.000000,0.000000,0.000000,0.000000,0.000000
62.150000,118.092000,184.000000,6.303500,29.190000,35.000000,0.000000,3.000000,0.000000,0.000000,0.000000,0.000000,0.000000
61.250000,116.379600,164.000000,6.212100,26.400000,25.000000,0.000000,13.000000,0.000000,0.000000,0.000000,0.000000,0.000000
60.790000,115.508500,178.000000,6.165600,28.870000,32.000000,0.000000,6.000000,0.000000,0.000000,0.000000,0.000000,0.000000
59.970000,113.951700,178.000000,6.082500,27.620000,33.000000,0.000000,4.000000,1.000000,0.000000,1.000000,0.000000,0.000000
59.820000,113.651900,185.000000,6.066500,25.550000,37.000000,0.000000,0.000000,0.000000,1.000000,2.000000,0.000000,0.000000
59.550000,113.149800,169.000000,6.039700,24.670000,29.000000,0.000000,8.000000,0.000000,1.000000,1.000000,0.000000,0.000000
59.070000,112.235600,172.000000,5.990900,28.710000,29.000000,0.000000,9.000000,0.000000,0.000000,0.000000,0.000000,0.000000
57.580000,109.397300,176.000000,5.839400,30.140000,31.000000,0.000000,7.000000,0.000000,0.000000,0.000000,0.000000,0.000000
56.360000,107.087400,182.000000,5.716100,31.840000,34.000000,0.000000,4.000000,0.000000,0.000000,0.000000,0.000000,0.000000
53.850000,102.308300,180.000000,5.461000,31.130000,33.000000,0.000000,5.000000,0.000000,0.000000,1.000000,0.000000,0.000000
52.920000,100.547200,156.000000,5.367000,25.340000,25.000000,0.000000,10.000000,1.000000,2.000000,0.000000,0.000000,0.000000
52.840000,100.391700,186.000000,5.358700,34.710000,36.000000,0.000000,2.000000,0.000000,0.000000,0.000000,0.000000,0.000000
52.460000,99.668600,182.000000,5.320100,32.330000,34.000000,0.000000,4.000000,0.000000,0.000000,0.000000,1.000000,0.000000
49.130000,93.353300,181.000000,4.983000,32.310000,35.000000,0.000000,2.000000,0.000000,1.000000,1.000000,0.000000,0.000000
48.040000,91.281200,168.000000,4.872400,34.480000,27.000000,0.000000,11.000000,0.000000,0.000000,0.000000,0.000000,0.000000
44.950000,85.402400,142.000000,4.558600,31.150000,16.000000,0.000000,20.000000,2.000000,0.000000,0.000000,0.000000,0.000000
43.460000,82.577300,182.000000,4.407800,41.290000,34.000000,0.000000,4.000000,0.000000,0.000000,0.000000,0.000000,0.000000
41.160000,78.204700,180.000000,4.174400,43.120000,33.000000,0.000000,5.000000,0.000000,0.000000,0.000000,0.000000,0.000000
39.860000,75.735500,181.000000,4.042600,42.300000,35.000000,0.000000,2.000000,0.000000,1.000000,0.000000,0.000000,0.000000
39.700000,75.426400,183.000000,4.026100,42.970000,36.000000,0.000000,1.000000,0.000000,1.000000,0.000000,0.000000,0.000000
38.470000,73.095800,164.000000,3.901700,39.470000,26.000000,0.000000,11.000000,1.000000,0.000000,1.000000,0.000000,0.000000
36.510000,69.363900,148.000000,3.702500,31.870000,24.000000,0.000000,8.000000,4.000000,2.000000,0.000000,1.000000,0.000000
34.670000,65.879300,160.000000,3.516500,45.500000,23.000000,0.000000,15.000000,0.000000,0.000000,0.000000,0.000000,0.000000
29.370000,55.811500,175.000000,2.979100,52.030000,32.000000,0.000000,5.000000,0.000000,1.000000,1.000000,0.000000,0.000000
29.240000,55.553000,172.000000,2.965300,51.260000,32.000000,0.000000,4.000000,0.000000,2.000000,0.000000,0.000000,0.000000
28.200000,53.584000,164.000000,2.860200,46.850000,28.000000,0.000000,8.000000,0.000000,2.000000,1.000000,0.000000,0.000000
22.990000,43.679100,143.000000,2.331500,31.310000,22.000000,0.000000,10.000000,3.000000,3.000000,4.000000,0.000000,0.000000
100.000000,65.000000,61.000000,8.853400,6.890000,11.000000,0.000000,2.000000,0.000000,0.000000,0.000000,0.000000,0.000000
99.660000,64.780500,63.000000,8.823500,7.140000,12.000000,0.000000,1.000000,0.000000,0.000000,0.000000,0.000000,0.000000
99.380000,64.599900,63.000000,8.798900,7.160000,12.000000,0.000000,1.000000,0.000000,0.000000,0.000000,0.000000,0.000000
96.680000,62.844400,63.000000,8.559800,7.360000,12.000000,0.000000,1.000000,0.000000,0.000000,0.000000,0.000000,0.000000
89.480000,58.164000,53.000000,7.922300,6.690000,8.000000,0.000000,4.000000,1.000000,0.000000,0.000000,0.000000,0.000000
86.670000,56.338100,63.000000,7.673600,8.210000,12.000000,0.000000,1.000000,0.000000,0.000000,0.000000,0.000000,0.000000
86.560000,56.262500,61.000000,7.663300,7.960000,11.000000,0.000000,2.000000,0.000000,0.000000,0.000000,0.000000,0.000000
86.230000,56.051100,61.000000,7.634500,7.990000,11.000000,0.000000,2.000000,0.000000,0.000000,0.000000,0.000000,0.000000
83.070000,53.997600,57.000000,7.354800,7.750000,10.000000,0.000000,2.000000,1.000000,0.000000,0.000000,0.000000,0.000000
83.010000,53.957900,61.000000,7.349400,8.300000,11.000000,0.000000,2.000000,0.000000,0.000000,0.000000,0.000000,0.000000
82.960000,53.922700,65.000000,7.344600,8.850000,13.000000,0.000000,0.000000,0.000000,0.000000,0.000000,0.000000,0.000000
82.650000,53.720800,63.000000,7.317100,8.610000,12.000000,0.000000,1.000000,0.000000,0.000000,0.000000,0.000000,0.000000
82.220000,53.442500,61.000000,7.279200,8.380000,11.000000,0.000000,2.000000,0.000000,0.000000,0.000000,0.000000,0.000000
82.120000,53.379400,61.000000,7.270600,8.390000,11.000000,0.000000,2.000000,0.000000,0.000000,0.000000,0.000000,0.000000
80.790000,52.512300,53.000000,7.152500,7.410000,7.000000,0.000000,6.000000,0.000000,0.000000,0.000000,0.000000,0.000000
80.370000,52.237700,55.000000,7.115100,7.730000,8.000000,0.000000,5.000000,0.000000,0.000000,0.000000,0.000000,0.000000
80.020000,52.015300,61.000000,7.084800,8.610000,11.000000,0.000000,2.000000,0.000000,0.000000,0.000000,0.000000,0.000000
78.960000,51.322900,59.000000,6.990500,8.440000,10.000000,0.000000,3.000000,0.000000,0.000000,0.000000,0.000000,0.000000
77.850000,50.601200,55.000000,6.892200,7.980000,8.000000,0.000000,5.000000,0.000000,0.000000,0.000000,0.000000,0.000000
76.810000,49.927300,61.000000,6.800400,8.970000,11.000000,0.000000,2.000000,0.000000,0.000000,0.000000,0.000000,0.000000
75.920000,49.349500,57.000000,6.721700,8.480000,9.000000,0.000000,4.000000,0.000000,0.000000,0.000000,0.000000,0.000000
75.700000,49.205600,63.000000,6.702100,9.400000,12.000000,0.000000,1.000000,0.000000,0.000000,0.000000,0.000000,0.000000
74.540000,48.453000,59.000000,6.599600,8.940000,10.000000,0.000000,3.000000,0.000000,0.000000,0.000000,0.000000,0.000000
73.800000,47.969900,59.000000,6.533800,9.030000,10.000000,0.000000,3.000000,0.000000,0.000000,0.000000,0.000000,0.000000
73.540000,47.803300,53.000000,6.511100,8.140000,8.000000,0.000000,4.000000,1.000000,0.000000,0.000000,0.000000,0.000000
72.910000,47.391400,61.000000,6.455000,9.450000,11.000000,0.000000,2.000000,0.000000,0.000000,0.000000,0.000000,0.000000
72.740000,47.280500,53.000000,6.439900,8.230000,8.000000,0.000000,4.000000,1.000000,0.000000,0.000000,0.000000,0.000000
71.850000,46.699800,61.000000,6.360800,9.590000,11.000000,0.000000,2.000000,0.000000,0.000000,0.000000,0.000000,0.000000
71.200000,46.278400,59.000000,6.303400,9.360000,10.000000,0.000000,3.000000,0.000000,0.000000,0.000000,0.000000,0.000000
70.670000,45.934800,59.000000,6.256600,9.430000,10.000000,0.000000,3.000000,0.000000,0.000000,0.000000,0.000000,0.000000
70.670000,45.933300,61.000000,6.256400,9.750000,11.000000,0.000000,2.000000,0.000000,0.000000,0.000000,0.000000,0.000000
70.320000,45.705000,63.000000,6.225300,10.120000,12.000000,0.000000,1.000000,0.000000,0.000000,0.000000,0.000000,0.000000
69.090000,44.906200,63.000000,6.116500,10.300000,12.000000,0.000000,1.000000,0.000000,0.000000,0.000000,0.000000,0.000000
68.770000,44.697700,47.000000,6.088100,7.720000,6.000000,0.000000,5.000000,2.000000,0.000000,0.000000,0.000000,0.000000
67.750000,44.036200,61.000000,5.998000,10.170000,11.000000,0.000000,2.000000,0.000000,0.000000,0.000000,0.000000,0.000000
67.450000,43.842400,63.000000,5.971600,10.550000,12.000000,0.000000,1.000000,0.000000,0.000000,0.000000,0.000000,0.000000
67.180000,43.669100,58.000000,5.948000,8.070000,11.000000,0.000000,1.000000,0.000000,1.000000,0.000000,0.000000,0.000000
67.130000,43.635300,63.000000,5.943400,10.600000,12.000000,0.000000,1.000000,0.000000,0.000000,0.000000,0.000000,0.000000
67.090000,43.607400,61.000000,5.939600,10.270000,11.000000,0.000000,2.000000,0.000000,0.000000,0.000000,0.000000,0.000000
65.270000,42.425400,59.000000,5.778600,10.210000,10.000000,0.000000,3.000000,0.000000,0.000000,0.000000,0.000000,0.000000
62.930000,40.907100,57.000000,5.571800,10.230000,10.000000,0.000000,2.000000,1.000000,0.000000,0.000000,0.000000,0.000000
62.150000,40.397600,56.000000,5.502400,8.360000,10.000000,0.000000,2.000000,0.000000,1.000000,0.000000,0.000000,0.000000
59.450000,38.641400,48.000000,5.263200,7.220000,6.000000,0.000000,6.000000,0.000000,1.000000,0.000000,0.000000,0.000000
59.390000,38.604000,55.000000,5.258100,10.460000,9.000000,0.000000,3.000000,1.000000,0.000000,0.000000,0.000000,0.000000
56.880000,36.973400,63.000000,5.036000,12.510000,12.000000,0.000000,1.000000,0.000000,0.000000,0.000000,0.000000,0.000000
55.840000,36.295000,57.000000,4.943600,11.530000,9.000000,0.000000,4.000000,0.000000,0.000000,0.000000,0.000000,0.000000
54.740000,35.579900,63.000000,4.846200,13.000000,12.000000,0.000000,1.000000,0.000000,0.000000,0.000000,0.000000,0.000000
54.730000,35.571800,61.000000,4.845100,12.590000,11.000000,0.000000,2.000000,0.000000,0.000000,0.000000,0.000000,0.000000
54.280000,35.281100,63.000000,4.805500,13.110000,12.000000,0.000000,1.000000,0.000000,0.000000,0.000000,0.000000,0.000000
54.140000,35.193000,65.000000,4.793500,13.560000,13.000000,0.000000,0.000000,0.000000,0.000000,0.000000,0.000000,0.000000
53.620000,34.852300,61.000000,4.747100,12.850000,11.000000,0.000000,2.000000,0.000000,0.000000,0.000000,0.000000,0.000000
52.890000,34.378000,59.000000,4.682500,12.600000,11.000000,0.000000,1.000000,1.000000,0.000000,0.000000,0.000000,0.000000
52.020000,33.814900,59.000000,4.605800,12.810000,10.000000,0.000000,3.000000,0.000000,0.000000,0.000000,0.000000,0.000000
48.690000,31.645400,65.000000,4.310300,15.080000,13.000000,0.000000,0.000000,0.000000,0.000000,0.000000,0.000000,0.000000
45.630000,29.658700,57.000000,4.039700,14.110000,10.000000,0.000000,2.000000,1.000000,0.000000,0.000000,0.000000,0.000000
41.260000,26.817400,61.000000,3.652700,16.700000,11.000000,0.000000,2.000000,0.000000,0.000000,0.000000,0.000000,0.000000
39.750000,25.838000,63.000000,3.519300,15.060000,12.000000,0.000000,1.000000,0.000000,0.000000,0.000000,1.000000,0.000000
35.300000,22.943200,61.000000,3.125000,19.520000,11.000000,0.000000,2.000000,0.000000,0.000000,0.000000,0.000000,0.000000
100.000000,70.000000,70.000000,11.308600,6.190000,14.000000,0.000000,0.000000,0.000000,0.000000,0.000000,0.000000,0.000000
77.890000,54.523200,68.000000,8.808300,7.720000,13.000000,0.000000,1.000000,0.000000,0.000000,0.000000,0.000000,0.000000
77.290000,54.102900,68.000000,8.740400,7.780000,13.000000,0.000000,1.000000,0.000000,0.000000,0.000000,0.000000,0.000000
76.270000,53.390400,64.000000,8.625300,7.420000,11.000000,0.000000,3.000000,0.000000,0.000000,0.000000,0.000000,0.000000
76.270000,53.390400,64.000000,8.625300,7.420000,11.000000,0.000000,3.000000,0.000000,0.000000,0.000000,0.000000,0.000000
75.940000,53.155200,62.000000,8.587300,7.220000,11.000000,0.000000,2.000000,1.000000,0.000000,0.000000,0.000000,0.000000
74.730000,52.309700,66.000000,8.450700,7.810000,12.000000,0.000000,2.000000,0.000000,0.000000,0.000000,0.000000,0.000000
72.680000,50.876700,66.000000,8.219200,8.030000,12.000000,0.000000,2.000000,0.000000,0.000000,0.000000,0.000000,0.000000
72.450000,50.713300,68.000000,8.192800,8.300000,13.000000,0.000000,1.000000,0.000000,0.000000,0.000000,0.000000,0.000000
72.230000,50.563500,62.000000,8.168600,7.590000,10.000000,0.000000,4.000000,0.000000,0.000000,0.000000,0.000000,0.000000
72.230000,50.563500,62.000000,8.168600,7.590000,10.000000,0.000000,4.000000,0.000000,0.000000,0.000000,0.000000,0.000000
71.260000,49.882600,66.000000,8.058600,8.190000,12.000000,0.000000,2.000000,0.000000,0.000000,0.000000,0.000000,0.000000
70.320000,49.221500,66.000000,7.951800,8.300000,12.000000,0.000000,2.000000,0.000000,0.000000,0.000000,0.000000,0.000000
69.610000,48.725700,54.000000,7.871700,6.860000,6.000000,0.000000,8.000000,0.000000,0.000000,0.000000,0.000000,0.000000
69.550000,48.685400,70.000000,7.865200,8.900000,14.000000,0.000000,0.000000,0.000000,0.000000,0.000000,0.000000,0.000000
68.660000,48.063300,66.000000,7.764700,8.500000,12.000000,0.000000,2.000000,0.000000,0.000000,0.000000,0.000000,0.000000
66.500000,46.552400,64.000000,7.520600,8.510000,11.000000,0.000000,3.000000,0.000000,0.000000,0.000000,0.000000,0.000000
66.010000,46.203900,68.000000,7.464300,9.110000,13.000000,0.000000,1.000000,0.000000,0.000000,0.000000,0.000000,0.000000
65.500000,45.851700,66.000000,7.407400,8.910000,12.000000,0.000000,2.000000,0.000000,0.000000,0.000000,0.000000,0.000000
64.480000,45.135500,59.000000,7.291700,6.720000,10.000000,0.000000,3.000000,0.000000,1.000000,0.000000,0.000000,0.000000
63.230000,44.260800,68.000000,7.150400,9.510000,13.000000,0.000000,1.000000,0.000000,0.000000,0.000000,0.000000,0.000000
62.760000,43.934000,56.000000,7.097600,7.890000,8.000000,0.000000,5.000000,1.000000,0.000000,0.000000,0.000000,0.000000
61.500000,43.049400,66.000000,6.954700,9.490000,12.000000,0.000000,2.000000,0.000000,0.000000,0.000000,0.000000,0.000000
59.640000,41.748300,52.000000,6.744500,7.710000,6.000000,0.000000,7.000000,1.000000,0.000000,0.000000,0.000000,0.000000
59.120000,41.385000,70.000000,6.685800,10.470000,14.000000,0.000000,0.000000,0.000000,0.000000,0.000000,0.000000,0.000000
58.890000,41.224600,66.000000,6.659900,9.910000,12.000000,0.000000,2.000000,0.000000,0.000000,0.000000,0.000000,0.000000
58.660000,41.064900,68.000000,6.634100,10.250000,13.000000,0.000000,1.000000,0.000000,0.000000,0.000000,0.000000,0.000000
58.070000,40.650800,66.000000,6.567200,10.050000,12.000000,0.000000,2.000000,0.000000,0.000000,0.000000,0.000000,0.000000
57.550000,40.285000,52.000000,6.508100,7.990000,6.000000,0.000000,7.000000,1.000000,0.000000,0.000000,0.000000,0.000000
55.530000,38.871200,66.000000,6.279700,10.510000,12.000000,0.000000,2.000000,0.000000,0.000000,0.000000,0.000000,0.000000
54.860000,38.405100,68.000000,6.204400,10.960000,13.000000,0.000000,1.000000,0.000000,0.000000,0.000000,0.000000,0.000000
54.790000,38.350000,64.000000,6.195500,10.330000,11.000000,0.000000,3.000000,0.000000,0.000000,0.000000,0.000000,0.000000
53.920000,37.744000,70.000000,6.097600,11.480000,14.000000,0.000000,0.000000,0.000000,0.000000,0.000000,0.000000,0.000000
52.430000,36.702200,52.000000,5.929300,8.770000,6.000000,0.000000,7.000000,1.000000,0.000000,0.000000,0.000000,0.000000
51.840000,36.290600,63.000000,5.862800,9.040000,12.000000,0.000000,1.000000,0.000000,1.000000,0.000000,0.000000,0.000000
51.820000,36.273900,62.000000,5.860100,10.580000,10.000000,0.000000,4.000000,0.000000,0.000000,0.000000,0.000000,0.000000
51.290000,35.901900,58.000000,5.800000,10.000000,8.000000,0.000000,6.000000,0.000000,0.000000,0.000000,0.000000,0.000000
49.700000,34.788900,58.000000,5.620200,10.320000,8.000000,0.000000,6.000000,0.000000,0.000000,0.000000,0.000000,0.000000
47.800000,33.459300,68.000000,5.405400,12.580000,13.000000,0.000000,1.000000,0.000000,0.000000,0.000000,0.000000,0.000000
47.710000,33.396800,58.000000,5.395300,10.750000,8.000000,0.000000,6.000000,0.000000,0.000000,0.000000,0.000000,0.000000
46.300000,32.412600,51.000000,5.236300,7.830000,7.000000,0.000000,5.000000,1.000000,1.000000,0.000000,0.000000,0.000000
45.350000,31.743500,64.000000,5.128200,12.480000,11.000000,0.000000,3.000000,0.000000,0.000000,0.000000,0.000000,0.000000
43.750000,30.626200,52.000000,4.947700,10.510000,6.000000,0.000000,7.000000,1.000000,0.000000,0.000000,0.000000,0.000000
43.460000,30.423100,52.000000,4.914900,10.580000,5.000000,0.000000,9.000000,0.000000,0.000000,0.000000,0.000000,0.000000
41.500000,29.049000,68.000000,4.692900,14.490000,13.000000,0.000000,1.000000,0.000000,0.000000,0.000000,0.000000,0.000000
40.140000,28.100000,70.000000,4.539600,15.420000,14.000000,0.000000,0.000000,0.000000,0.000000,0.000000,0.000000,0.000000
37.470000,26.228800,55.000000,4.237300,10.620000,9.000000,0.000000,3.000000,1.000000,1.000000,0.000000,0.000000,0.000000
36.680000,25.672900,55.000000,4.147500,10.850000,8.000000,0.000000,5.000000,0.000000,1.000000,0.000000,0.000000,0.000000
35.750000,25.025500,59.000000,4.042900,12.120000,10.000000,0.000000,3.000000,0.000000,1.000000,0.000000,0.000000,0.000000
32.920000,23.043400,58.000000,3.722700,15.580000,9.000000,0.000000,4.000000,1.000000,0.000000,0.000000,0.000000,0.000000
32.510000,22.754400,64.000000,3.676000,17.410000,11.000000,0.000000,3.000000,0.000000,0.000000,0.000000,0.000000,0.000000
31.850000,22.296900,42.000000,3.602100,11.660000,4.000000,0.000000,6.000000,4.000000,0.000000,0.000000,0.000000,0.000000
31.650000,22.152700,52.000000,3.578800,14.530000,7.000000,0.000000,5.000000,2.000000,0.000000,0.000000,0.000000,0.000000
26.750000,18.725900,36.000000,3.025200,11.900000,1.000000,0.000000,9.000000,4.000000,0.000000,0.000000,0.000000,0.000000
26.650000,18.657200,62.000000,3.014100,20.570000,10.000000,0.000000,4.000000,0.000000,0.000000,0.000000,0.000000,0.000000
25.610000,17.929900,44.000000,2.896600,15.190000,5.000000,0.000000,5.000000,4.000000,0.000000,0.000000,0.000000,0.000000
14.970000,10.477800,49.000000,1.692700,23.040000,6.000000,0.000000,6.000000,1.000000,1.000000,0.000000,0.000000,0.000000
100.000000,80.000000,80.000000,8.583700,9.320000,16.000000,0.000000,0.000000,0.000000,0.000000,0.000000,0.000000,0.000000
89.790000,71.830100,80.000000,7.707100,10.380000,16.000000,0.000000,0.000000,0.000000,0.000000,0.000000,0.000000,0.000000
88.590000,70.874800,80.000000,7.604600,10.520000,16.000000,0.000000,0.000000,0.000000,0.000000,0.000000,0.000000,0.000000
85.190000,68.153400,80.000000,7.312600,10.940000,16.000000,0.000000,0.000000,0.000000,0.000000,0.000000,0.000000,0.000000
84.570000,67.658500,80.000000,7.259500,11.020000,16.000000,0.000000,0.000000,0.000000,0.000000,0.000000,0.000000,0.000000
83.890000,67.110500,80.000000,7.200700,11.110000,16.000000,0.000000,0.000000,0.000000,0.000000,0.000000,0.000000,0.000000
83.140000,66.512100,80.000000,7.136500,11.210000,16.000000,0.000000,0.000000,0.000000,0.000000,0.000000,0.000000,0.000000
82.550000,66.040500,80.000000,7.085900,11.290000,16.000000,0.000000,0.000000,0.000000,0.000000,0.000000,0.000000,0.000000
82.550000,66.040500,80.000000,7.085900,11.290000,16.000000,0.000000,0.000000,0.000000,0.000000,0.000000,0.000000,0.000000
81.970000,65.576400,80.000000,7.036100,11.370000,16.000000,0.000000,0.000000,0.000000,0.000000,0.000000,0.000000,0.000000
79.930000,63.945400,80.000000,6.861100,11.660000,16.000000,0.000000,0.000000,0.000000,0.000000,0.000000,0.000000,0.000000
79.450000,63.563300,80.000000,6.820100,11.730000,16.000000,0.000000,0.000000,0.000000,0.000000,0.000000,0.000000,0.000000
79.120000,63.293900,80.000000,6.791200,11.780000,16.000000,0.000000,0.000000,0.000000,0.000000,0.000000,0.000000,0.000000
78.190000,62.550200,80.000000,6.711400,11.920000,16.000000,0.000000,0.000000,0.000000,0.000000,0.000000,0.000000,0.000000
77.410000,61.926700,80.000000,6.644500,12.040000,16.000000,0.000000,0.000000,0.000000,0.000000,0.000000,0.000000,0.000000
76.210000,60.964900,80.000000,6.541300,12.230000,16.000000,0.000000,0.000000,0.000000,0.000000,0.000000,0.000000,0.000000
76.140000,60.914500,80.000000,6.535900,12.240000,16.000000,0.000000,0.000000,0.000000,0.000000,0.000000,0.000000,0.000000
74.420000,59.538000,78.000000,6.388200,12.210000,15.000000,0.000000,1.000000,0.000000,0.000000,0.000000,0.000000,0.000000
73.910000,59.127900,80.000000,6.344200,12.610000,16.000000,0.000000,0.000000,0.000000,0.000000,0.000000,0.000000,0.000000
73.580000,58.863200,78.000000,6.315800,12.350000,15.000000,0.000000,1.000000,0.000000,0.000000,0.000000,0.000000,0.000000
70.440000,56.353300,78.000000,6.046500,12.900000,15.000000,0.000000,1.000000,0.000000,0.000000,0.000000,0.000000,0.000000
69.600000,55.683200,80.000000,5.974600,13.390000,16.000000,0.000000,0.000000,0.000000,0.000000,0.000000,0.000000,0.000000
67.830000,54.264700,80.000000,5.822400,13.740000,16.000000,0.000000,0.000000,0.000000,0.000000,0.000000,0.000000,0.000000
66.620000,53.295400,80.000000,5.718400,13.990000,16.000000,0.000000,0.000000,0.000000,0.000000,0.000000,0.000000,0.000000
65.220000,52.176100,80.000000,5.598300,14.290000,16.000000,0.000000,0.000000,0.000000,0.000000,0.000000,0.000000,0.000000
64.500000,51.601100,75.000000,5.536600,11.740000,15.000000,0.000000,0.000000,0.000000,1.000000,0.000000,0.000000,0.000000
63.470000,50.779000,75.000000,5.448400,11.930000,15.000000,0.000000,0.000000,0.000000,1.000000,0.000000,0.000000,0.000000
61.480000,49.181600,80.000000,5.277000,15.160000,16.000000,0.000000,0.000000,0.000000,0.000000,0.000000,0.000000,0.000000
61.280000,49.020400,80.000000,5.259700,15.210000,16.000000,0.000000,0.000000,0.000000,0.000000,0.000000,0.000000,0.000000
61.110000,48.891700,80.000000,5.245900,15.250000,16.000000,0.000000,0.000000,0.000000,0.000000,0.000000,0.000000,0.000000
60.950000,48.756600,78.000000,5.231400,14.910000,15.000000,0.000000,1.000000,0.000000,0.000000,0.000000,0.000000,0.000000
60.210000,48.165700,80.000000,5.168000,15.480000,16.000000,0.000000,0.000000,0.000000,0.000000,0.000000,0.000000,0.000000
59.590000,47.672700,80.000000,5.115100,15.640000,16.000000,0.000000,0.000000,0.000000,0.000000,0.000000,0.000000,0.000000
57.670000,46.138600,80.000000,4.950500,16.160000,16.000000,0.000000,0.000000,0.000000,0.000000,0.000000,0.000000,0.000000
57.390000,45.911200,80.000000,4.926100,16.240000,16.000000,0.000000,0.000000,0.000000,0.000000,0.000000,0.000000,0.000000
56.890000,45.514200,75.000000,4.883500,13.310000,15.000000,0.000000,0.000000,0.000000,1.000000,0.000000,0.000000,0.000000
56.310000,45.051000,80.000000,4.833800,16.550000,16.000000,0.000000,0.000000,0.000000,0.000000,0.000000,0.000000,0.000000
55.950000,44.763900,78.000000,4.803000,16.240000,15.000000,0.000000,1.000000,0.000000,0.000000,0.000000,0.000000,0.000000
54.570000,43.653000,80.000000,4.683800,17.080000,16.000000,0.000000,0.000000,0.000000,0.000000,0.000000,0.000000,0.000000
52.480000,41.981900,80.000000,4.504500,17.760000,16.000000,0.000000,0.000000,0.000000,0.000000,0.000000,0.000000,0.000000
51.980000,41.583900,80.000000,4.461800,17.930000,16.000000,0.000000,0.000000,0.000000,0.000000,0.000000,0.000000,0.000000
47.650000,38.118800,80.000000,4.090000,19.560000,16.000000,0.000000,0.000000,0.000000,0.000000,0.000000,0.000000,0.000000
47.360000,37.885800,75.000000,4.065000,15.990000,15.000000,0.000000,0.000000,0.000000,1.000000,0.000000,0.000000,0.000000
45.840000,36.674200,73.000000,3.935000,16.010000,14.000000,0.000000,1.000000,0.000000,1.000000,0.000000,0.000000,0.000000
44.790000,35.828800,80.000000,3.844300,20.810000,16.000000,0.000000,0.000000,0.000000,0.000000,0.000000,0.000000,0.000000
43.670000,34.938800,80.000000,3.748800,21.340000,16.000000,0.000000,0.000000,0.000000,0.000000,0.000000,0.000000,0.000000
42.480000,33.983500,80.000000,3.646300,21.940000,16.000000,0.000000,0.000000,0.000000,0.000000,0.000000,0.000000,0.000000
42.070000,33.655400,75.000000,3.611100,18.000000,15.000000,0.000000,0.000000,0.000000,1.000000,0.000000,0.000000,0.000000
40.110000,32.086900,75.000000,3.442800,18.880000,15.000000,0.000000,0.000000,0.000000,1.000000,0.000000,0.000000,0.000000
39.630000,31.701000,75.000000,3.401400,19.110000,15.000000,0.000000,0.000000,0.000000,1.000000,0.000000,0.000000,0.000000
39.580000,31.660000,80.000000,3.397000,23.550000,16.000000,0.000000,0.000000,0.000000,0.000000,0.000000,0.000000,0.000000
36.890000,29.512700,70.000000,3.166600,15.790000,14.000000,0.000000,0.000000,0.000000,2.000000,0.000000,0.000000,0.000000
32.790000,26.232000,80.000000,2.814600,24.870000,16.000000,0.000000,0.000000,0.000000,0.000000,0.000000,1.000000,0.000000
30.290000,24.232900,70.000000,2.600100,19.230000,14.000000,0.000000,0.000000,0.000000,2.000000,0.000000,0.000000,0.000000
30.160000,24.125700,75.000000,2.588600,25.110000,15.000000,0.000000,0.000000,0.000000,1.000000,0.000000,0.000000,0.000000
29.910000,23.928100,80.000000,2.567400,31.160000,16.000000,0.000000,0.000000,0.000000,0.000000,0.000000,0.000000,0.000000
27.460000,21.968100,80.000000,2.357100,33.940000,16.000000,0.000000,0.000000,0.000000,0.000000,0.000000,0.000000,0.000000
24.310000,19.451800,65.000000,2.087100,16.770000,13.000000,0.000000,0.000000,0.000000,3.000000,0.000000,0.000000,0.000000
100.000000,235.000000,227.000000,9.272900,24.480000,43.000000,0.000000,4.000000,0.000000,0.000000,0.000000,0.000000,0.000000
93.410000,219.503000,231.000000,8.661400,26.670000,45.000000,0.000000,2.000000,0.000000,0.000000,0.000000,0.000000,0.000000
90.450000,212.569200,231.000000,8.387800,27.540000,45.000000,0.000000,2.000000,0.000000,0.000000,0.000000,0.000000,0.000000
90.410000,212.470400,221.000000,8.383900,26.360000,42.000000,0.000000,3.000000,2.000000,0.000000,0.000000,0.000000,0.000000
89.930000,211.342600,229.000000,8.339400,27.460000,44.000000,0.000000,3.000000,0.000000,0.000000,0.000000,0.000000,0.000000
89.230000,209.687700,233.000000,8.274100,28.160000,46.000000,0.000000,1.000000,0.000000,0.000000,0.000000,0.000000,0.000000
88.600000,208.210300,233.000000,8.215800,28.360000,46.000000,0.000000,1.000000,0.000000,0.000000,0.000000,0.000000,0.000000
87.190000,204.890400,225.000000,8.084800,27.830000,42.000000,0.000000,5.000000,0.000000,0.000000,0.000000,0.000000,0.000000
85.260000,200.351500,218.000000,7.905700,26.310000,40.000000,0.000000,6.000000,0.000000,1.000000,0.000000,0.000000,0.000000
84.100000,197.627200,221.000000,7.798200,28.340000,40.000000,0.000000,7.000000,0.000000,0.000000,0.000000,0.000000,0.000000
82.700000,194.345300,225.000000,7.668700,29.340000,42.000000,0.000000,5.000000,0.000000,0.000000,0.000000,0.000000,0.000000
82.660000,194.249000,215.000000,7.664900,28.050000,38.000000,0.000000,8.000000,1.000000,0.000000,0.000000,0.000000,0.000000
82.620000,194.147600,225.000000,7.660900,29.370000,42.000000,0.000000,5.000000,0.000000,0.000000,0.000000,0.000000,0.000000
82.080000,192.888100,231.000000,7.611200,30.350000,45.000000,0.000000,2.000000,0.000000,0.000000,0.000000,0.000000,0.000000
81.490000,191.504400,227.000000,7.556600,30.040000,43.000000,0.000000,4.000000,0.000000,0.000000,0.000000,0.000000,0.000000
81.380000,191.248400,215.000000,7.546500,28.490000,38.000000,0.000000,8.000000,1.000000,0.000000,0.000000,0.000000,0.000000
81.280000,191.005100,204.000000,7.536900,25.740000,36.000000,0.000000,7.000000,3.000000,1.000000,0.000000,0.000000,0.000000
78.940000,185.515900,221.000000,7.320300,30.190000,40.000000,0.000000,7.000000,0.000000,0.000000,0.000000,0.000000,0.000000
77.110000,181.200100,224.000000,7.150000,29.930000,43.000000,0.000000,3.000000,0.000000,1.000000,0.000000,0.000000,0.000000
77.050000,181.075900,225.000000,7.145100,31.490000,42.000000,0.000000,5.000000,0.000000,0.000000,0.000000,0.000000,0.000000
76.980000,180.903500,225.000000,7.138300,31.520000,42.000000,0.000000,5.000000,0.000000,0.000000,0.000000,0.000000,0.000000
76.670000,180.173700,213.000000,7.109500,29.960000,38.000000,0.000000,7.000000,2.000000,0.000000,0.000000,0.000000,0.000000
76.520000,179.816300,235.000000,7.095400,33.120000,47.000000,0.000000,0.000000,0.000000,0.000000,0.000000,0.000000,0.000000
73.120000,171.828300,227.000000,6.780200,33.480000,43.000000,0.000000,4.000000,0.000000,0.000000,0.000000,0.000000,0.000000
72.070000,169.362500,219.000000,6.682900,32.770000,40.000000,0.000000,6.000000,1.000000,0.000000,0.000000,0.000000,0.000000
71.560000,168.158700,222.000000,6.635400,31.950000,42.000000,0.000000,4.000000,0.000000,1.000000,0.000000,0.000000,0.000000
71.090000,167.053800,229.000000,6.591800,34.740000,44.000000,0.000000,3.000000,0.000000,0.000000,0.000000,0.000000,0.000000
70.810000,166.410100,227.000000,6.566400,34.570000,44.000000,0.000000,2.000000,1.000000,0.000000,0.000000,0.000000,0.000000
69.670000,163.723800,213.000000,6.460400,32.970000,36.000000,0.000000,11.000000,0.000000,0.000000,0.000000,0.000000,0.000000
69.010000,162.180400,224.000000,6.399500,33.440000,43.000000,0.000000,3.000000,0.000000,1.000000,0.000000,0.000000,0.000000
68.840000,161.777400,209.000000,6.383600,32.740000,34.000000,0.000000,13.000000,0.000000,0.000000,0.000000,0.000000,0.000000
67.470000,158.564000,229.000000,6.256800,36.600000,44.000000,0.000000,3.000000,0.000000,0.000000,0.000000,0.000000,0.000000
67.440000,158.477800,227.000000,6.253400,36.300000,43.000000,0.000000,4.000000,0.000000,0.000000,0.000000,0.000000,0.000000
67.310000,158.171200,225.000000,6.241300,36.050000,42.000000,0.000000,5.000000,0.000000,0.000000,0.000000,0.000000,0.000000
66.760000,156.876200,233.000000,6.190200,37.640000,46.000000,0.000000,1.000000,0.000000,0.000000,0.000000,0.000000,0.000000
64.270000,151.027100,223.000000,5.959400,37.420000,41.000000,0.000000,6.000000,0.000000,0.000000,0.000000,0.000000,0.000000
64.180000,150.816700,229.000000,5.951100,38.480000,44.000000,0.000000,3.000000,0.000000,0.000000,0.000000,0.000000,0.000000
63.910000,150.183200,223.000000,5.926100,37.630000,41.000000,0.000000,6.000000,0.000000,0.000000,0.000000,0.000000,0.000000
62.800000,147.572900,224.000000,5.823100,36.750000,43.000000,0.000000,3.000000,0.000000,1.000000,0.000000,0.000000,0.000000
62.660000,147.243400,227.000000,5.810100,39.070000,43.000000,0.000000,4.000000,0.000000,0.000000,0.000000,0.000000,0.000000
59.660000,140.208300,210.000000,5.532500,36.150000,37.000000,0.000000,8.000000,1.000000,1.000000,0.000000,0.000000,0.000000
58.010000,136.333400,231.000000,5.379600,42.940000,45.000000,0.000000,2.000000,0.000000,0.000000,0.000000,0.000000,0.000000
56.660000,133.147800,219.000000,5.253900,39.780000,39.000000,0.000000,8.000000,0.000000,0.000000,1.000000,0.000000,0.000000
56.450000,132.668900,215.000000,5.235000,41.070000,39.000000,0.000000,6.000000,2.000000,0.000000,0.000000,0.000000,0.000000
54.910000,129.049900,221.000000,5.092200,43.400000,41.000000,0.000000,5.000000,1.000000,0.000000,0.000000,0.000000,0.000000
54.200000,127.359600,217.000000,5.025500,43.180000,38.000000,0.000000,9.000000,0.000000,0.000000,0.000000,0.000000,0.000000
52.240000,122.762400,226.000000,4.844100,44.590000,45.000000,0.000000,0.000000,1.000000,1.000000,0.000000,0.000000,0.000000
51.930000,122.035100,197.000000,4.815400,40.910000,31.000000,0.000000,13.000000,3.000000,0.000000,0.000000,0.000000,0.000000
48.940000,115.002500,217.000000,4.537900,47.820000,38.000000,0.000000,9.000000,0.000000,0.000000,0.000000,0.000000,0.000000
46.650000,109.634900,225.000000,4.326100,52.010000,42.000000,0.000000,5.000000,0.000000,0.000000,0.000000,0.000000,0.000000
45.160000,106.124900,217.000000,4.187600,51.820000,38.000000,0.000000,9.000000,0.000000,0.000000,0.000000,0.000000,0.000000
42.770000,100.509000,233.000000,3.966000,58.750000,46.000000,0.000000,1.000000,0.000000,0.000000,0.000000,0.000000,0.000000
42.760000,100.478600,225.000000,3.964800,56.750000,42.000000,0.000000,5.000000,0.000000,0.000000,0.000000,0.000000,0.000000
41.550000,97.652900,229.000000,3.853300,59.430000,44.000000,0.000000,3.000000,0.000000,0.000000,0.000000,0.000000,0.000000
36.330000,85.366800,221.000000,3.368500,59.670000,43.000000,0.000000,2.000000,0.000000,2.000000,0.000000,0.000000,0.000000
34.550000,81.182700,208.000000,3.203400,61.810000,36.000000,0.000000,9.000000,1.000000,1.000000,0.000000,0.000000,0.000000
32.360000,76.035600,192.000000,3.000300,60.660000,30.000000,0.000000,13.000000,3.000000,1.000000,0.000000,0.000000,0.000000
16.670000,39.164600,213.000000,1.545400,73.120000,39.000000,0.000000,6.000000,0.000000,2.000000,0.000000,8.000000,0.000000
100.000000,210.000000,198.000000,9.949700,19.900000,36.000000,0.000000,6.000000,0.000000,0.000000,0.000000,0.000000,0.000000
92.260000,193.741900,198.000000,9.179400,21.570000,36.000000,0.000000,6.000000,0.000000,0.000000,0.000000,0.000000,0.000000
86.950000,182.589400,202.000000,8.651000,23.350000,38.000000,0.000000,4.000000,0.000000,0.000000,0.000000,0.000000,0.000000
81.240000,170.607500,194.000000,8.083300,24.000000,34.000000,0.000000,8.000000,0.000000,0.000000,0.000000,0.000000,0.000000
81.220000,170.554700,192.000000,8.080800,23.760000,33.000000,0.000000,9.000000,0.000000,0.000000,0.000000,0.000000,0.000000
79.300000,166.521300,206.000000,7.889700,26.110000,40.000000,0.000000,2.000000,0.000000,0.000000,0.000000,0.000000,0.000000
78.840000,165.571500,198.000000,7.844700,25.240000,36.000000,0.000000,6.000000,0.000000,0.000000,0.000000,0.000000,0.000000
78.280000,164.379000,200.000000,7.788200,25.680000,37.000000,0.000000,5.000000,0.000000,0.000000,0.000000,0.000000,0.000000
77.750000,163.281500,200.000000,7.736200,24.560000,37.000000,0.000000,5.000000,0.000000,0.000000,1.000000,0.000000,0.000000
77.680000,163.123200,196.000000,7.728700,25.360000,35.000000,0.000000,7.000000,0.000000,0.000000,0.000000,0.000000,0.000000
77.160000,162.042600,200.000000,7.677500,26.050000,37.000000,0.000000,5.000000,0.000000,0.000000,0.000000,0.000000,0.000000
77.070000,161.846300,196.000000,7.668200,25.560000,35.000000,0.000000,7.000000,0.000000,0.000000,0.000000,0.000000,0.000000
76.760000,161.192000,192.000000,7.637200,25.140000,33.000000,0.000000,9.000000,0.000000,0.000000,0.000000,0.000000,0.000000
75.390000,158.317300,196.000000,7.501000,26.130000,35.000000,0.000000,7.000000,0.000000,0.000000,0.000000,0.000000,0.000000
75.230000,157.979600,200.000000,7.485000,26.720000,37.000000,0.000000,5.000000,0.000000,0.000000,0.000000,0.000000,0.000000
75.160000,157.831900,204.000000,7.478000,27.280000,39.000000,0.000000,3.000000,0.000000,0.000000,0.000000,0.000000,0.000000
74.710000,156.886300,192.000000,7.433200,25.830000,33.000000,0.000000,9.000000,0.000000,0.000000,0.000000,0.000000,0.000000
73.660000,154.691300,197.000000,7.329200,24.150000,37.000000,0.000000,4.000000,0.000000,1.000000,1.000000,0.000000,0.000000
73.070000,153.443900,200.000000,7.270100,27.510000,37.000000,0.000000,5.000000,0.000000,0.000000,0.000000,0.000000,0.000000
72.910000,153.114700,191.000000,7.254500,24.950000,35.000000,0.000000,5.000000,1.000000,1.000000,0.000000,0.000000,0.000000
72.590000,152.432900,192.000000,7.222200,25.200000,34.000000,0.000000,7.000000,1.000000,0.000000,1.000000,0.000000,0.000000
72.130000,151.474700,191.000000,7.176800,25.220000,34.000000,0.000000,7.000000,0.000000,1.000000,0.000000,0.000000,0.000000
66.680000,140.026700,178.000000,6.634400,26.830000,26.000000,0.000000,16.000000,0.000000,0.000000,0.000000,0.000000,0.000000
66.050000,138.713900,177.000000,6.572200,25.410000,29.000000,0.000000,10.000000,2.000000,1.000000,0.000000,0.000000,0.000000
65.780000,138.135600,204.000000,6.544800,31.170000,39.000000,0.000000,3.000000,0.000000,0.000000,0.000000,0.000000,0.000000
65.690000,137.939300,196.000000,6.535500,29.990000,35.000000,0.000000,7.000000,0.000000,0.000000,0.000000,0.000000,0.000000
65.340000,137.217500,194.000000,6.501300,29.840000,34.000000,0.000000,8.000000,0.000000,0.000000,0.000000,0.000000,0.000000
65.270000,137.061300,198.000000,6.493900,30.490000,36.000000,0.000000,6.000000,0.000000,0.000000,0.000000,0.000000,0.000000
64.180000,134.781900,195.000000,6.385900,28.970000,36.000000,0.000000,5.000000,0.000000,1.000000,0.000000,0.000000,0.000000
63.770000,133.924900,204.000000,6.345300,32.150000,39.000000,0.000000,3.000000,0.000000,0.000000,0.000000,0.000000,0.000000
63.460000,133.260100,204.000000,6.313800,32.310000,39.000000,0.000000,3.000000,0.000000,0.000000,0.000000,0.000000,0.000000
61.990000,130.189200,194.000000,6.168300,29.830000,35.000000,0.000000,6.000000,1.000000,0.000000,1.000000,0.000000,0.000000
61.040000,128.186200,197.000000,6.073400,30.790000,37.000000,0.000000,4.000000,0.000000,1.000000,0.000000,0.000000,0.000000
56.490000,118.623000,188.000000,5.620300,33.450000,33.000000,0.000000,7.000000,2.000000,0.000000,0.000000,0.000000,0.000000
56.200000,118.027800,197.000000,5.592100,33.440000,37.000000,0.000000,4.000000,0.000000,1.000000,0.000000,0.000000,0.000000
55.920000,117.430500,188.000000,5.563800,33.790000,32.000000,0.000000,9.000000,1.000000,0.000000,0.000000,0.000000,0.000000
55.900000,117.394600,190.000000,5.562100,34.160000,32.000000,0.000000,10.000000,0.000000,0.000000,0.000000,0.000000,0.000000
54.930000,115.353600,202.000000,5.465400,36.960000,38.000000,0.000000,4.000000,0.000000,0.000000,0.000000,0.000000,0.000000
53.920000,113.230300,185.000000,5.364800,32.620000,31.000000,0.000000,10.000000,0.000000,1.000000,0.000000,0.000000,0.000000
53.790000,112.956000,182.000000,5.351800,30.270000,31.000000,0.000000,9.000000,0.000000,2.000000,0.000000,0.000000,0.000000
53.180000,111.672700,190.000000,5.291000,35.910000,32.000000,0.000000,10.000000,0.000000,0.000000,0.000000,0.000000,0.000000
52.270000,109.771000,198.000000,5.200900,38.070000,36.000000,0.000000,6.000000,0.000000,0.000000,0.000000,0.000000,0.000000
50.830000,106.752900,186.000000,5.057900,32.820000,33.000000,0.000000,7.000000,0.000000,2.000000,0.000000,0.000000,0.000000
50.540000,106.142900,202.000000,5.029000,36.190000,38.000000,0.000000,4.000000,0.000000,0.000000,2.000000,0.000000,0.000000
50.250000,105.530800,200.000000,5.000000,40.000000,37.000000,0.000000,5.000000,0.000000,0.000000,0.000000,0.000000,0.000000
49.570000,104.097700,196.000000,4.932100,39.740000,35.000000,0.000000,7.000000,0.000000,0.000000,0.000000,0.000000,0.000000
48.220000,101.252600,188.000000,4.797300,35.020000,34.000000,0.000000,6.000000,0.000000,2.000000,0.000000,0.000000,0.000000
46.090000,96.788600,160.000000,4.585800,34.890000,20.000000,0.000000,19.000000,3.000000,0.000000,0.000000,0.000000,0.000000
45.320000,95.180400,180.000000,4.509600,35.480000,30.000000,0.000000,10.000000,0.000000,2.000000,0.000000,0.000000,0.000000
43.240000,90.798700,204.000000,4.302000,47.420000,39.000000,0.000000,3.000000,0.000000,0.000000,0.000000,0.000000,0.000000
41.410000,86.970100,194.000000,4.120600,47.080000,35.000000,0.000000,6.000000,1.000000,0.000000,0.000000,0.000000,0.000000
39.840000,83.666900,190.000000,3.964100,47.930000,32.000000,0.000000,10.000000,0.000000,0.000000,0.000000,0.000000,0.000000
39.420000,82.786800,196.000000,3.922400,44.870000,38.000000,0.000000,2.000000,0.000000,2.000000,0.000000,0.000000,0.000000
38.350000,80.528500,186.000000,3.815400,48.750000,32.000000,0.000000,8.000000,2.000000,0.000000,0.000000,0.000000,0.000000
37.190000,78.092800,170.000000,3.700000,29.730000,28.000000,0.000000,10.000000,0.000000,4.000000,0.000000,2.000000,0.000000
36.690000,77.056500,194.000000,3.650900,47.660000,37.000000,0.000000,3.000000,0.000000,2.000000,0.000000,0.000000,0.000000
30.060000,63.130600,195.000000,2.991100,61.850000,36.000000,0.000000,5.000000,0.000000,1.000000,0.000000,0.000000,0.000000
29.500000,61.940300,170.000000,2.934700,54.520000,26.000000,0.000000,12.000000,4.000000,0.000000,1.000000,0.000000,0.000000
